employee_id,employee_department,employee_position
1,Engineering Department,Design Engineer
2,R&D Department,Secretary
3,Marketing and Business Development,Secretary
4,Engineering Department,Test Engineer
5,Engineering Department,Secretary
6,R&D Department,Development Engineer (Hardware / Software / Mechanical)
7,Engineering Department,Design Engineer
8,Engineering Department,Test Engineer
9,Human Resources,Training Coordinator
10,Finance,Accountant
11,Engineering Department,Head of Engineering
12,R&D Department,Systems Engineer
13,Engineering Department,Test Engineer
14,Project Management,Project Manager
15,R&D Department,Head of R&D
16,Information Technology,Enterprise Systems Developer (ERP / CRM / SAP)
17,Operations and Manufacturing,Manufacturing Engineer
18,Operations and Manufacturing,Logistics Manager
19,Operations and Manufacturing,Manufacturing Engineer
20,Engineering Department,Secretary
21,Operations and Manufacturing,Secretary
22,Engineering Department,Process Engineer
23,Operations and Manufacturing,Logistics Manager
24,Engineering Department,Test Engineer
25,Project Management,Project Manager
26,Finance,Accountant
27,R&D Department,Development Engineer (Hardware / Software / Mechanical)
28,Operations and Manufacturing,Manufacturing Engineer
29,Engineering Department,Secretary
30,R&D Department,Head of R&D
31,Legal and Regulation,Regulatory Affairs Officer
32,Engineering Department,Head of Engineering
33,Engineering Department,Secretary
34,Marketing and Business Development,Marketing Manager
35,Finance,Financial Analyst
36,Information Technology,IT Director
37,Human Resources,HR Manager
38,Engineering Department,Test Engineer
39,Information Technology,Information Security Specialist
40,R&D Department,Algorithm Engineer
41,Marketing and Business Development,Bid Coordinator
42,Operations and Manufacturing,Secretary
43,Engineering Department,Head of Engineering
44,Marketing and Business Development,Bid Coordinator
45,R&D Department,Development Engineer (Hardware / Software / Mechanical)
46,R&D Department,Secretary
47,Marketing and Business Development,Business Development Manager
48,Finance,Secretary
49,Information Technology,Secretary
50,Engineering Department,Head of Engineering
51,Operations and Manufacturing,Secretary
52,Operations and Manufacturing,Manufacturing Engineer
53,Engineering Department,Head of Engineering
54,R&D Department,Development Engineer (Hardware / Software / Mechanical)
55,Operations and Manufacturing,Warehouse Manager
56,Engineering Department,Process Engineer
57,Engineering Department,Systems Engineer
58,Engineering Department,Design Engineer
59,Operations and Manufacturing,Manufacturing Engineer
60,Engineering Department,Process Engineer
61,R&D Department,Secretary
62,Human Resources,Recruitment Coordinator
63,Operations and Manufacturing,Secretary
64,Operations and Manufacturing,Secretary
65,R&D Department,Systems Engineer
66,Operations and Manufacturing,Logistics Manager
67,Engineering Department,Secretary
68,R&D Department,Head of R&D
69,Human Resources,Secretary
70,Operations and Manufacturing,Logistics Manager
71,R&D Department,Development Engineer (Hardware / Software / Mechanical)
72,Human Resources,Recruitment Coordinator
73,R&D Department,Algorithm Engineer
74,Project Management,Project Engineer
75,Finance,Finance Manager
76,R&D Department,Head of R&D
77,Human Resources,Employee Welfare Coordinator
78,Security and Information Security,Security Officer
79,Finance,Financial Analyst
80,Engineering Department,Process Engineer
81,Finance,Financial Analyst
82,Operations and Manufacturing,Secretary
83,R&D Department,Secretary
84,R&D Department,Development Engineer (Hardware / Software / Mechanical)
85,Project Management,Project Coordinator
86,Operations and Manufacturing,Secretary
87,Information Technology,Information Security Specialist
88,Engineering Department,Head of Engineering
89,Operations and Manufacturing,Operations Manager
90,Project Management,Project Manager
91,R&D Department,Systems Engineer
92,R&D Department,Integration and Testing Engineer
93,Finance,Accountant
94,Engineering Department,Secretary
95,Project Management,Project Engineer
96,R&D Department,Secretary
97,Operations and Manufacturing,Secretary
98,R&D Department,Head of R&D
99,Engineering Department,Secretary
100,R&D Department,Systems Engineer
101,Information Technology,Secretary
102,Marketing and Business Development,Marketing Manager
103,R&D Department,Secretary
104,Information Technology,Systems and Network Administrator
105,Security and Information Security,Physical Access Control
106,Engineering Department,Head of Engineering
107,Operations and Manufacturing,Warehouse Manager
108,Project Management,Project Manager
109,R&D Department,Integration and Testing Engineer
110,R&D Department,Development Engineer (Hardware / Software / Mechanical)
111,Engineering Department,Design Engineer
112,Information Technology,IT Director
113,R&D Department,Head of R&D
114,R&D Department,Development Engineer (Hardware / Software / Mechanical)
115,Operations and Manufacturing,Operations Manager
116,Operations and Manufacturing,Logistics Manager
117,R&D Department,Systems Engineer
118,Human Resources,Secretary
119,Information Technology,BI Developer / Data Analyst
120,Engineering Department,Secretary
121,Engineering Department,Design Engineer
122,R&D Department,Algorithm Engineer
123,R&D Department,Systems Engineer
124,R&D Department,Algorithm Engineer
125,Engineering Department,Secretary
126,Project Management,Project Manager
127,Information Technology,Enterprise Systems Developer (ERP / CRM / SAP)
128,R&D Department,Integration and Testing Engineer
129,R&D Department,Development Engineer (Hardware / Software / Mechanical)
130,Marketing and Business Development,Business Development Manager
131,Engineering Department,Design Engineer
132,Operations and Manufacturing,Secretary
133,Engineering Department,Head of Engineering
134,R&D Department,Algorithm Engineer
135,Operations and Manufacturing,Secretary
136,R&D Department,Algorithm Engineer
137,R&D Department,Systems Engineer
138,R&D Department,Development Engineer (Hardware / Software / Mechanical)
139,Information Technology,Information Security Specialist
140,Engineering Department,Test Engineer
141,Information Technology,Data Scientist
142,R&D Department,Systems Engineer
143,Project Management,Secretary
144,Project Management,Secretary
145,Human Resources,Employee Welfare Coordinator
146,R&D Department,Systems Engineer
147,Marketing and Business Development,Account Manager
148,Human Resources,Training Coordinator
149,Operations and Manufacturing,Manufacturing Engineer
150,Marketing and Business Development,Marketing Manager
151,Information Technology,Information Security Specialist
152,R&D Department,Integration and Testing Engineer
153,R&D Department,Integration and Testing Engineer
154,Engineering Department,Design Engineer
155,Engineering Department,Design Engineer
156,R&D Department,Secretary
157,Human Resources,HR Manager
158,Marketing and Business Development,Marketing Manager
159,R&D Department,Integration and Testing Engineer
160,R&D Department,Secretary
161,Information Technology,Enterprise Systems Developer (ERP / CRM / SAP)
162,Operations and Manufacturing,Manufacturing Engineer
163,Operations and Manufacturing,Procurement Officer
164,Security and Information Security,Physical Access Control
165,R&D Department,Integration and Testing Engineer
166,Operations and Manufacturing,Manufacturing Engineer
167,Information Technology,Secretary
168,Information Technology,Data Scientist
169,Operations and Manufacturing,Procurement Officer
170,Engineering Department,Process Engineer
171,Engineering Department,Secretary
172,Marketing and Business Development,Secretary
173,Engineering Department,Head of Engineering
174,Project Management,Project Manager
175,R&D Department,Secretary
176,Operations and Manufacturing,Warehouse Manager
177,Operations and Manufacturing,Manufacturing Engineer
178,Operations and Manufacturing,Manufacturing Engineer
179,R&D Department,Algorithm Engineer
180,Project Management,Project Engineer
181,R&D Department,Algorithm Engineer
182,R&D Department,Secretary
183,Information Technology,Data Scientist
184,R&D Department,Head of R&D
185,Marketing and Business Development,Bid Coordinator
186,Legal and Regulation,Regulatory Affairs Officer
187,R&D Department,Algorithm Engineer
188,Information Technology,Secretary
189,Engineering Department,Design Engineer
190,Engineering Department,Systems Engineer
191,Information Technology,Data Scientist
192,Project Management,Project Manager
193,Operations and Manufacturing,Logistics Manager
194,Marketing and Business Development,Account Manager
195,Information Technology,Data Scientist
196,Information Technology,Information Security Specialist
197,R&D Department,Integration and Testing Engineer
198,Project Management,Project Coordinator
199,Finance,Finance Manager
200,R&D Department,Systems Engineer
201,Engineering Department,Process Engineer
202,Finance,Accountant
203,Human Resources,Secretary
204,Human Resources,HR Manager
205,Operations and Manufacturing,Warehouse Manager
206,R&D Department,Systems Engineer
207,Human Resources,HR Manager
208,Marketing and Business Development,Marketing Manager
209,R&D Department,Algorithm Engineer
210,Engineering Department,Secretary
211,Operations and Manufacturing,Secretary
212,Information Technology,BI Developer / Data Analyst
213,Finance,Financial Analyst
214,Operations and Manufacturing,Procurement Officer
215,Marketing and Business Development,Secretary
216,Human Resources,Employee Welfare Coordinator
217,Operations and Manufacturing,Logistics Manager
218,R&D Department,Integration and Testing Engineer
219,Engineering Department,Systems Engineer
220,Engineering Department,Process Engineer
221,R&D Department,Development Engineer (Hardware / Software / Mechanical)
222,R&D Department,Head of R&D
223,Operations and Manufacturing,Manufacturing Engineer
224,Engineering Department,Head of Engineering
225,Marketing and Business Development,Business Development Manager
226,Operations and Manufacturing,Operations Manager
227,Operations and Manufacturing,Logistics Manager
228,Security and Information Security,Chief Information Security Officer (CISO)
229,Information Technology,Data Scientist
230,Information Technology,Data Scientist
231,Human Resources,HR Manager
232,Operations and Manufacturing,Procurement Officer
233,Operations and Manufacturing,Logistics Manager
234,Human Resources,Employee Welfare Coordinator
235,Project Management,Project Coordinator
236,Project Management,Project Engineer
237,Project Management,Project Manager
238,R&D Department,Development Engineer (Hardware / Software / Mechanical)
239,Information Technology,Data Scientist
240,Information Technology,Enterprise Systems Developer (ERP / CRM / SAP)
241,Information Technology,Data Scientist
242,R&D Department,Algorithm Engineer
243,Operations and Manufacturing,Secretary
244,R&D Department,Systems Engineer
245,Operations and Manufacturing,Warehouse Manager
246,Marketing and Business Development,Account Manager
247,Information Technology,BI Developer / Data Analyst
248,Project Management,Project Coordinator
249,R&D Department,Head of R&D
250,Information Technology,Secretary
251,R&D Department,Head of R&D
252,Information Technology,BI Developer / Data Analyst
253,Legal and Regulation,Regulatory Affairs Officer
254,Engineering Department,Secretary
255,R&D Department,Secretary
256,R&D Department,Algorithm Engineer
257,Engineering Department,Process Engineer
258,Human Resources,Employee Welfare Coordinator
259,Engineering Department,Design Engineer
260,R&D Department,Integration and Testing Engineer
261,Engineering Department,Test Engineer
262,Project Management,Project Engineer
263,Information Technology,Information Security Specialist
264,Operations and Manufacturing,Operations Manager
265,Engineering Department,Test Engineer
266,Engineering Department,Systems Engineer
267,Project Management,Project Engineer
268,R&D Department,Systems Engineer
269,Information Technology,Secretary
270,R&D Department,Algorithm Engineer
271,Human Resources,Employee Welfare Coordinator
272,R&D Department,Head of R&D
273,Engineering Department,Secretary
274,Operations and Manufacturing,Procurement Officer
275,Engineering Department,Systems Engineer
276,R&D Department,Integration and Testing Engineer
277,R&D Department,Head of R&D
278,R&D Department,Head of R&D
279,Project Management,Project Coordinator
280,Operations and Manufacturing,Warehouse Manager
281,Information Technology,Data Scientist
282,Engineering Department,Systems Engineer
283,Information Technology,Data Scientist
284,Information Technology,Information Security Specialist
285,R&D Department,Systems Engineer
286,Engineering Department,Design Engineer
287,Engineering Department,Process Engineer
288,Marketing and Business Development,Secretary
289,Operations and Manufacturing,Procurement Officer
290,Information Technology,Secretary
291,R&D Department,Algorithm Engineer
292,Project Management,Secretary
293,Finance,Financial Analyst
294,Engineering Department,Test Engineer
295,Engineering Department,Secretary
296,Engineering Department,Secretary
297,Marketing and Business Development,Marketing Manager
298,Information Technology,Enterprise Systems Developer (ERP / CRM / SAP)
299,Marketing and Business Development,Secretary
300,Information Technology,Data Scientist
301,Operations and Manufacturing,Secretary
302,R&D Department,Development Engineer (Hardware / Software / Mechanical)
303,Operations and Manufacturing,Warehouse Manager
304,Operations and Manufacturing,Procurement Officer
305,Operations and Manufacturing,Operations Manager
306,R&D Department,Integration and Testing Engineer
307,Project Management,Project Engineer
308,Operations and Manufacturing,Warehouse Manager
309,R&D Department,Systems Engineer
310,Project Management,Project Manager
311,Finance,Accountant
312,Information Technology,Secretary
313,Marketing and Business Development,Bid Coordinator
314,R&D Department,Algorithm Engineer
315,R&D Department,Integration and Testing Engineer
316,Marketing and Business Development,Bid Coordinator
317,Human Resources,Training Coordinator
318,R&D Department,Secretary
319,R&D Department,Head of R&D
320,Information Technology,Information Security Specialist
321,Information Technology,Data Scientist
322,Engineering Department,Head of Engineering
323,Security and Information Security,Information Security Investigator
324,Human Resources,Recruitment Coordinator
325,R&D Department,Development Engineer (Hardware / Software / Mechanical)
326,Engineering Department,Test Engineer
327,Operations and Manufacturing,Manufacturing Engineer
328,R&D Department,Secretary
329,Operations and Manufacturing,Logistics Manager
330,Operations and Manufacturing,Operations Manager
331,Engineering Department,Secretary
332,Finance,Budget Manager
333,Engineering Department,Test Engineer
334,Engineering Department,Systems Engineer
335,Security and Information Security,Physical Access Control
336,Project Management,Secretary
337,Finance,Financial Analyst
338,R&D Department,Systems Engineer
339,Information Technology,Enterprise Systems Developer (ERP / CRM / SAP)
340,R&D Department,Development Engineer (Hardware / Software / Mechanical)
341,Operations and Manufacturing,Secretary
342,Marketing and Business Development,Business Development Manager
343,Engineering Department,Secretary
344,R&D Department,Systems Engineer
345,Operations and Manufacturing,Secretary
346,Human Resources,HR Manager
347,R&D Department,Integration and Testing Engineer
348,R&D Department,Algorithm Engineer
349,Engineering Department,Systems Engineer
350,Project Management,Secretary
351,Engineering Department,Test Engineer
352,R&D Department,Development Engineer (Hardware / Software / Mechanical)
353,Operations and Manufacturing,Secretary
354,Engineering Department,Head of Engineering
355,Operations and Manufacturing,Procurement Officer
356,R&D Department,Systems Engineer
357,Engineering Department,Secretary
358,R&D Department,Integration and Testing Engineer
359,Engineering Department,Secretary
360,Information Technology,Systems and Network Administrator
361,R&D Department,Algorithm Engineer
362,Security and Information Security,Chief Information Security Officer (CISO)
363,Engineering Department,Test Engineer
364,Information Technology,Secretary
365,Engineering Department,Secretary
366,R&D Department,Head of R&D
367,Operations and Manufacturing,Procurement Officer
368,R&D Department,Secretary
369,Marketing and Business Development,Marketing Manager
370,Operations and Manufacturing,Logistics Manager
371,R&D Department,Systems Engineer
372,Engineering Department,Process Engineer
373,R&D Department,Systems Engineer
374,Information Technology,Secretary
375,Security and Information Security,Security Officer
376,Information Technology,Enterprise Systems Developer (ERP / CRM / SAP)
377,Engineering Department,Design Engineer
378,R&D Department,Development Engineer (Hardware / Software / Mechanical)
379,Engineering Department,Design Engineer
380,Engineering Department,Design Engineer
381,Operations and Manufacturing,Logistics Manager
382,Marketing and Business Development,Business Development Manager
383,R&D Department,Head of R&D
384,Information Technology,IT Director
385,R&D Department,Development Engineer (Hardware / Software / Mechanical)
386,Operations and Manufacturing,Procurement Officer
387,Engineering Department,Systems Engineer
388,R&D Department,Algorithm Engineer
389,R&D Department,Integration and Testing Engineer
390,R&D Department,Head of R&D
391,Information Technology,Data Scientist
392,Engineering Department,Systems Engineer
393,R&D Department,Integration and Testing Engineer
394,Information Technology,Enterprise Systems Developer (ERP / CRM / SAP)
395,Engineering Department,Secretary
396,Security and Information Security,Information Security Investigator
397,Information Technology,Data Scientist
398,Information Technology,BI Developer / Data Analyst
399,Engineering Department,Head of Engineering
400,Marketing and Business Development,Bid Coordinator
401,Marketing and Business Development,Marketing Manager
402,Marketing and Business Development,Secretary
403,Project Management,Project Manager
404,Marketing and Business Development,Bid Coordinator
405,Operations and Manufacturing,Operations Manager
406,Project Management,Project Manager
407,Human Resources,Recruitment Coordinator
408,Security and Information Security,Chief Information Security Officer (CISO)
409,Operations and Manufacturing,Secretary
410,Operations and Manufacturing,Manufacturing Engineer
411,Project Management,Project Manager
412,R&D Department,Integration and Testing Engineer
413,Marketing and Business Development,Bid Coordinator
414,Marketing and Business Development,Business Development Manager
415,Engineering Department,Design Engineer
416,Project Management,Project Manager
417,Operations and Manufacturing,Manufacturing Engineer
418,Operations and Manufacturing,Procurement Officer
419,Operations and Manufacturing,Secretary
420,Engineering Department,Process Engineer
421,R&D Department,Head of R&D
422,Engineering Department,Head of Engineering
423,Human Resources,Training Coordinator
424,Project Management,Project Coordinator
425,R&D Department,Development Engineer (Hardware / Software / Mechanical)
426,R&D Department,Integration and Testing Engineer
427,Engineering Department,Design Engineer
428,Information Technology,BI Developer / Data Analyst
429,R&D Department,Development Engineer (Hardware / Software / Mechanical)
430,Operations and Manufacturing,Manufacturing Engineer
431,Marketing and Business Development,Secretary
432,Operations and Manufacturing,Secretary
433,Finance,Budget Manager
434,Project Management,Project Coordinator
435,Operations and Manufacturing,Secretary
436,Project Management,Secretary
437,Engineering Department,Test Engineer
438,Marketing and Business Development,Account Manager
439,R&D Department,Secretary
440,Engineering Department,Test Engineer
441,Information Technology,IT Director
442,Information Technology,Systems and Network Administrator
443,Finance,Finance Manager
444,Engineering Department,Head of Engineering
445,Information Technology,Secretary
446,Legal and Regulation,Regulatory Affairs Officer
447,R&D Department,Development Engineer (Hardware / Software / Mechanical)
448,Information Technology,Enterprise Systems Developer (ERP / CRM / SAP)
449,Human Resources,HR Manager
450,R&D Department,Development Engineer (Hardware / Software / Mechanical)
451,Marketing and Business Development,Marketing Manager
452,R&D Department,Integration and Testing Engineer
453,Information Technology,Secretary
454,Human Resources,Secretary
455,Engineering Department,Process Engineer
456,Operations and Manufacturing,Secretary
457,R&D Department,Systems Engineer
458,Operations and Manufacturing,Logistics Manager
459,Engineering Department,Design Engineer
460,Finance,Finance Manager
461,Marketing and Business Development,Bid Coordinator
462,Operations and Manufacturing,Warehouse Manager
463,Operations and Manufacturing,Warehouse Manager
464,Finance,Budget Manager
465,Information Technology,Secretary
466,Engineering Department,Systems Engineer
467,R&D Department,Systems Engineer
468,Engineering Department,Process Engineer
469,Marketing and Business Development,Bid Coordinator
470,R&D Department,Head of R&D
471,Marketing and Business Development,Secretary
472,R&D Department,Algorithm Engineer
473,Finance,Accountant
474,Engineering Department,Test Engineer
475,R&D Department,Integration and Testing Engineer
476,R&D Department,Integration and Testing Engineer
477,Finance,Budget Manager
478,Marketing and Business Development,Account Manager
479,Engineering Department,Design Engineer
480,Information Technology,Information Security Specialist
481,Engineering Department,Systems Engineer
482,R&D Department,Systems Engineer
483,R&D Department,Head of R&D
484,Marketing and Business Development,Bid Coordinator
485,Marketing and Business Development,Bid Coordinator
486,R&D Department,Integration and Testing Engineer
487,R&D Department,Secretary
488,R&D Department,Integration and Testing Engineer
489,Engineering Department,Process Engineer
490,Operations and Manufacturing,Secretary
491,R&D Department,Integration and Testing Engineer
492,Marketing and Business Development,Business Development Manager
493,R&D Department,Integration and Testing Engineer
494,Engineering Department,Systems Engineer
495,Operations and Manufacturing,Operations Manager
496,Information Technology,BI Developer / Data Analyst
497,Engineering Department,Head of Engineering
498,Project Management,Project Manager
499,Information Technology,Enterprise Systems Developer (ERP / CRM / SAP)
500,Project Management,Project Manager
501,R&D Department,Algorithm Engineer
502,Operations and Manufacturing,Procurement Officer
503,Project Management,Project Coordinator
504,R&D Department,Algorithm Engineer
505,Marketing and Business Development,Secretary
506,R&D Department,Development Engineer (Hardware / Software / Mechanical)
507,R&D Department,Integration and Testing Engineer
508,R&D Department,Development Engineer (Hardware / Software / Mechanical)
509,R&D Department,Systems Engineer
510,Human Resources,Employee Welfare Coordinator
511,Project Management,Project Engineer
512,Security and Information Security,Security Officer
513,R&D Department,Systems Engineer
514,Operations and Manufacturing,Secretary
515,Marketing and Business Development,Marketing Manager
516,Information Technology,IT Director
517,R&D Department,Development Engineer (Hardware / Software / Mechanical)
518,Information Technology,Data Scientist
519,Information Technology,Information Security Specialist
520,R&D Department,Integration and Testing Engineer
521,Project Management,Project Manager
522,Engineering Department,Secretary
523,R&D Department,Integration and Testing Engineer
524,R&D Department,Head of R&D
525,Legal and Regulation,Legal Advisor
526,Information Technology,BI Developer / Data Analyst
527,Project Management,Project Coordinator
528,Operations and Manufacturing,Logistics Manager
529,R&D Department,Secretary
530,Project Management,Project Manager
531,Engineering Department,Test Engineer
532,Project Management,Project Coordinator
533,Information Technology,Data Scientist
534,Operations and Manufacturing,Warehouse Manager
535,Finance,Secretary
536,Marketing and Business Development,Secretary
537,Information Technology,Enterprise Systems Developer (ERP / CRM / SAP)
538,R&D Department,Integration and Testing Engineer
539,Project Management,Project Coordinator
540,Operations and Manufacturing,Secretary
541,Operations and Manufacturing,Operations Manager
542,Engineering Department,Design Engineer
543,Project Management,Project Coordinator
544,R&D Department,Integration and Testing Engineer
545,R&D Department,Development Engineer (Hardware / Software / Mechanical)
546,R&D Department,Algorithm Engineer
547,Finance,Finance Manager
548,R&D Department,Head of R&D
549,R&D Department,Systems Engineer
550,Project Management,Secretary
551,Human Resources,Employee Welfare Coordinator
552,Engineering Department,Process Engineer
553,Information Technology,Secretary
554,R&D Department,Head of R&D
555,Operations and Manufacturing,Secretary
556,R&D Department,Development Engineer (Hardware / Software / Mechanical)
557,Marketing and Business Development,Secretary
558,R&D Department,Development Engineer (Hardware / Software / Mechanical)
559,Marketing and Business Development,Business Development Manager
560,Information Technology,Secretary
561,Engineering Department,Test Engineer
562,R&D Department,Development Engineer (Hardware / Software / Mechanical)
563,Project Management,Secretary
564,Information Technology,Data Scientist
565,Security and Information Security,Security Officer
566,Engineering Department,Secretary
567,Security and Information Security,Chief Information Security Officer (CISO)
568,R&D Department,Systems Engineer
569,Information Technology,Data Scientist
570,Engineering Department,Systems Engineer
571,Information Technology,BI Developer / Data Analyst
572,Project Management,Secretary
573,Project Management,Secretary
574,Marketing and Business Development,Secretary
575,Engineering Department,Head of Engineering
576,Marketing and Business Development,Marketing Manager
577,Operations and Manufacturing,Secretary
578,Operations and Manufacturing,Secretary
579,Operations and Manufacturing,Warehouse Manager
580,Operations and Manufacturing,Secretary
581,Human Resources,Recruitment Coordinator
582,Marketing and Business Development,Bid Coordinator
583,Engineering Department,Secretary
584,Operations and Manufacturing,Secretary
585,Information Technology,IT Director
586,Marketing and Business Development,Bid Coordinator
587,Information Technology,Enterprise Systems Developer (ERP / CRM / SAP)
588,Project Management,Secretary
589,Engineering Department,Design Engineer
590,Finance,Accountant
591,Operations and Manufacturing,Procurement Officer
592,Information Technology,IT Director
593,Engineering Department,Design Engineer
594,Project Management,Project Coordinator
595,Marketing and Business Development,Secretary
596,R&D Department,Systems Engineer
597,Human Resources,Recruitment Coordinator
598,Information Technology,Information Security Specialist
599,Engineering Department,Test Engineer
600,Operations and Manufacturing,Procurement Officer
601,Marketing and Business Development,Bid Coordinator
602,Information Technology,BI Developer / Data Analyst
603,Project Management,Project Engineer
604,Project Management,Project Coordinator
605,Operations and Manufacturing,Manufacturing Engineer
606,Human Resources,Employee Welfare Coordinator
607,Marketing and Business Development,Secretary
608,Engineering Department,Design Engineer
609,Operations and Manufacturing,Operations Manager
610,R&D Department,Development Engineer (Hardware / Software / Mechanical)
611,R&D Department,Systems Engineer
612,Information Technology,BI Developer / Data Analyst
613,Engineering Department,Systems Engineer
614,R&D Department,Algorithm Engineer
615,Engineering Department,Systems Engineer
616,Engineering Department,Design Engineer
617,Finance,Secretary
618,R&D Department,Development Engineer (Hardware / Software / Mechanical)
619,Information Technology,BI Developer / Data Analyst
620,Finance,Budget Manager
621,Operations and Manufacturing,Operations Manager
622,Engineering Department,Systems Engineer
623,R&D Department,Systems Engineer
624,Information Technology,Information Security Specialist
625,Information Technology,Enterprise Systems Developer (ERP / CRM / SAP)
626,Project Management,Project Engineer
627,R&D Department,Algorithm Engineer
628,Security and Information Security,Information Security Investigator
629,R&D Department,Development Engineer (Hardware / Software / Mechanical)
630,Operations and Manufacturing,Procurement Officer
631,R&D Department,Secretary
632,R&D Department,Head of R&D
633,R&D Department,Secretary
634,R&D Department,Systems Engineer
635,Information Technology,BI Developer / Data Analyst
636,R&D Department,Secretary
637,Marketing and Business Development,Account Manager
638,Information Technology,IT Director
639,Operations and Manufacturing,Warehouse Manager
640,R&D Department,Head of R&D
641,Project Management,Project Engineer
642,Marketing and Business Development,Marketing Manager
643,Human Resources,Training Coordinator
644,Information Technology,Information Security Specialist
645,Marketing and Business Development,Secretary
646,Engineering Department,Secretary
647,R&D Department,Development Engineer (Hardware / Software / Mechanical)
648,R&D Department,Head of R&D
649,Engineering Department,Design Engineer
650,R&D Department,Systems Engineer
651,Legal and Regulation,Regulatory Affairs Officer
652,Engineering Department,Systems Engineer
653,R&D Department,Systems Engineer
654,Finance,Financial Analyst
655,R&D Department,Head of R&D
656,Project Management,Project Engineer
657,R&D Department,Systems Engineer
658,Human Resources,Secretary
659,Security and Information Security,Security Officer
660,Engineering Department,Head of Engineering
661,R&D Department,Integration and Testing Engineer
662,R&D Department,Algorithm Engineer
663,Marketing and Business Development,Business Development Manager
664,Project Management,Secretary
665,Human Resources,Employee Welfare Coordinator
666,Project Management,Project Manager
667,Security and Information Security,Chief Information Security Officer (CISO)
668,Security and Information Security,Cyber Analyst
669,R&D Department,Integration and Testing Engineer
670,Marketing and Business Development,Account Manager
671,R&D Department,Systems Engineer
672,Project Management,Project Coordinator
673,Information Technology,BI Developer / Data Analyst
674,Project Management,Project Engineer
675,Information Technology,BI Developer / Data Analyst
676,Information Technology,Information Security Specialist
677,R&D Department,Development Engineer (Hardware / Software / Mechanical)
678,Finance,Budget Manager
679,Operations and Manufacturing,Operations Manager
680,Operations and Manufacturing,Warehouse Manager
681,R&D Department,Development Engineer (Hardware / Software / Mechanical)
682,Information Technology,Enterprise Systems Developer (ERP / CRM / SAP)
683,Finance,Budget Manager
684,Project Management,Project Engineer
685,Legal and Regulation,Legal Advisor
686,Finance,Budget Manager
687,Information Technology,Secretary
688,Marketing and Business Development,Bid Coordinator
689,R&D Department,Systems Engineer
690,Information Technology,Secretary
691,Information Technology,Data Scientist
692,R&D Department,Systems Engineer
693,Security and Information Security,Physical Access Control
694,Operations and Manufacturing,Procurement Officer
695,Project Management,Project Engineer
696,Human Resources,Training Coordinator
697,R&D Department,Secretary
698,R&D Department,Systems Engineer
699,Operations and Manufacturing,Procurement Officer
700,Marketing and Business Development,Secretary
701,R&D Department,Development Engineer (Hardware / Software / Mechanical)
702,R&D Department,Integration and Testing Engineer
703,Marketing and Business Development,Bid Coordinator
704,Operations and Manufacturing,Logistics Manager
705,Engineering Department,Systems Engineer
706,Finance,Secretary
707,R&D Department,Secretary
708,Information Technology,Information Security Specialist
709,Engineering Department,Design Engineer
710,R&D Department,Systems Engineer
711,Information Technology,IT Director
712,Operations and Manufacturing,Operations Manager
713,R&D Department,Head of R&D
714,R&D Department,Head of R&D
715,R&D Department,Integration and Testing Engineer
716,Engineering Department,Test Engineer
717,Finance,Budget Manager
718,Information Technology,Systems and Network Administrator
719,Engineering Department,Head of Engineering
720,R&D Department,Head of R&D
721,Operations and Manufacturing,Manufacturing Engineer
722,Information Technology,Systems and Network Administrator
723,R&D Department,Head of R&D
724,Human Resources,Employee Welfare Coordinator
725,Project Management,Project Coordinator
726,R&D Department,Secretary
727,R&D Department,Integration and Testing Engineer
728,Finance,Secretary
729,Information Technology,Information Security Specialist
730,R&D Department,Development Engineer (Hardware / Software / Mechanical)
731,Engineering Department,Test Engineer
732,Finance,Accountant
733,Operations and Manufacturing,Warehouse Manager
734,Finance,Finance Manager
735,Information Technology,Data Scientist
736,Human Resources,Secretary
737,Engineering Department,Design Engineer
738,Information Technology,Information Security Specialist
739,R&D Department,Integration and Testing Engineer
740,Engineering Department,Systems Engineer
741,Engineering Department,Systems Engineer
742,Project Management,Secretary
743,Information Technology,Data Scientist
744,Engineering Department,Test Engineer
745,Engineering Department,Process Engineer
746,Project Management,Project Coordinator
747,Operations and Manufacturing,Manufacturing Engineer
748,Operations and Manufacturing,Warehouse Manager
749,Marketing and Business Development,Account Manager
750,Engineering Department,Design Engineer
751,Marketing and Business Development,Secretary
752,Engineering Department,Test Engineer
753,Operations and Manufacturing,Warehouse Manager
754,Information Technology,Information Security Specialist
755,Finance,Budget Manager
756,Project Management,Project Manager
757,Operations and Manufacturing,Secretary
758,Operations and Manufacturing,Secretary
759,Engineering Department,Head of Engineering
760,R&D Department,Integration and Testing Engineer
761,Information Technology,Secretary
762,R&D Department,Secretary
763,R&D Department,Algorithm Engineer
764,R&D Department,Development Engineer (Hardware / Software / Mechanical)
765,Information Technology,Enterprise Systems Developer (ERP / CRM / SAP)
766,Legal and Regulation,Defense Export Compliance Officer
767,Information Technology,Enterprise Systems Developer (ERP / CRM / SAP)
768,Human Resources,Recruitment Coordinator
769,Project Management,Project Engineer
770,Engineering Department,Process Engineer
771,Operations and Manufacturing,Logistics Manager
772,Operations and Manufacturing,Warehouse Manager
773,R&D Department,Head of R&D
774,Security and Information Security,Cyber Analyst
775,Engineering Department,Head of Engineering
776,Marketing and Business Development,Bid Coordinator
777,Security and Information Security,Physical Access Control
778,Engineering Department,Process Engineer
779,Information Technology,Systems and Network Administrator
780,Marketing and Business Development,Secretary
781,Engineering Department,Systems Engineer
782,Project Management,Project Manager
783,Legal and Regulation,Regulatory Affairs Officer
784,Marketing and Business Development,Marketing Manager
785,R&D Department,Development Engineer (Hardware / Software / Mechanical)
786,R&D Department,Secretary
787,R&D Department,Integration and Testing Engineer
788,Information Technology,Enterprise Systems Developer (ERP / CRM / SAP)
789,R&D Department,Algorithm Engineer
790,Operations and Manufacturing,Warehouse Manager
791,R&D Department,Secretary
792,Operations and Manufacturing,Procurement Officer
793,Project Management,Project Manager
794,Marketing and Business Development,Bid Coordinator
795,Operations and Manufacturing,Procurement Officer
796,Engineering Department,Design Engineer
797,Engineering Department,Design Engineer
798,R&D Department,Integration and Testing Engineer
799,Project Management,Project Coordinator
800,R&D Department,Integration and Testing Engineer
801,Marketing and Business Development,Business Development Manager
802,Marketing and Business Development,Account Manager
803,Engineering Department,Test Engineer
804,Engineering Department,Test Engineer
805,Engineering Department,Design Engineer
806,R&D Department,Integration and Testing Engineer
807,Engineering Department,Test Engineer
808,Engineering Department,Design Engineer
809,Operations and Manufacturing,Secretary
810,R&D Department,Development Engineer (Hardware / Software / Mechanical)
811,R&D Department,Development Engineer (Hardware / Software / Mechanical)
812,Operations and Manufacturing,Warehouse Manager
813,R&D Department,Algorithm Engineer
814,Information Technology,Systems and Network Administrator
815,Information Technology,BI Developer / Data Analyst
816,Project Management,Project Coordinator
817,Security and Information Security,Chief Information Security Officer (CISO)
818,Engineering Department,Secretary
819,Project Management,Secretary
820,R&D Department,Integration and Testing Engineer
821,Information Technology,Secretary
822,Legal and Regulation,Defense Export Compliance Officer
823,R&D Department,Algorithm Engineer
824,R&D Department,Secretary
825,Operations and Manufacturing,Operations Manager
826,Operations and Manufacturing,Secretary
827,R&D Department,Algorithm Engineer
828,Operations and Manufacturing,Warehouse Manager
829,Project Management,Project Engineer
830,Information Technology,Information Security Specialist
831,Operations and Manufacturing,Secretary
832,Operations and Manufacturing,Warehouse Manager
833,R&D Department,Algorithm Engineer
834,R&D Department,Development Engineer (Hardware / Software / Mechanical)
835,R&D Department,Secretary
836,R&D Department,Secretary
837,Operations and Manufacturing,Procurement Officer
838,Engineering Department,Head of Engineering
839,Marketing and Business Development,Business Development Manager
840,Human Resources,Training Coordinator
841,Information Technology,Enterprise Systems Developer (ERP / CRM / SAP)
842,R&D Department,Integration and Testing Engineer
843,R&D Department,Integration and Testing Engineer
844,Marketing and Business Development,Business Development Manager
845,Marketing and Business Development,Business Development Manager
846,R&D Department,Development Engineer (Hardware / Software / Mechanical)
847,Information Technology,BI Developer / Data Analyst
848,Operations and Manufacturing,Operations Manager
849,R&D Department,Secretary
850,Executive Management,Chief Operating Officer (COO)
851,R&D Department,Development Engineer (Hardware / Software / Mechanical)
852,Security and Information Security,Physical Access Control
853,R&D Department,Secretary
854,R&D Department,Algorithm Engineer
855,Operations and Manufacturing,Operations Manager
856,R&D Department,Development Engineer (Hardware / Software / Mechanical)
857,Marketing and Business Development,Marketing Manager
858,Information Technology,Secretary
859,Engineering Department,Process Engineer
860,Engineering Department,Systems Engineer
861,Project Management,Secretary
862,Operations and Manufacturing,Secretary
863,Engineering Department,Process Engineer
864,Operations and Manufacturing,Manufacturing Engineer
865,Finance,Accountant
866,Legal and Regulation,Defense Export Compliance Officer
867,Engineering Department,Process Engineer
868,R&D Department,Systems Engineer
869,Finance,Secretary
870,Engineering Department,Process Engineer
871,Engineering Department,Head of Engineering
872,R&D Department,Integration and Testing Engineer
873,Information Technology,Information Security Specialist
874,R&D Department,Systems Engineer
875,Project Management,Project Coordinator
876,Engineering Department,Systems Engineer
877,Engineering Department,Systems Engineer
878,Information Technology,IT Director
879,R&D Department,Development Engineer (Hardware / Software / Mechanical)
880,R&D Department,Systems Engineer
881,Operations and Manufacturing,Warehouse Manager
882,Engineering Department,Systems Engineer
883,Finance,Finance Manager
884,Engineering Department,Test Engineer
885,R&D Department,Systems Engineer
886,R&D Department,Integration and Testing Engineer
887,Engineering Department,Secretary
888,Operations and Manufacturing,Secretary
889,R&D Department,Systems Engineer
890,Information Technology,Enterprise Systems Developer (ERP / CRM / SAP)
891,Human Resources,Recruitment Coordinator
892,R&D Department,Development Engineer (Hardware / Software / Mechanical)
893,Engineering Department,Process Engineer
894,Information Technology,BI Developer / Data Analyst
895,Engineering Department,Systems Engineer
896,R&D Department,Algorithm Engineer
897,R&D Department,Head of R&D
898,Finance,Finance Manager
899,Operations and Manufacturing,Operations Manager
900,R&D Department,Secretary
901,Information Technology,Information Security Specialist
902,Project Management,Project Manager
903,Engineering Department,Systems Engineer
904,Marketing and Business Development,Bid Coordinator
905,Operations and Manufacturing,Secretary
906,Engineering Department,Systems Engineer
907,Operations and Manufacturing,Logistics Manager
908,Engineering Department,Systems Engineer
909,Operations and Manufacturing,Logistics Manager
910,Project Management,Project Manager
911,Engineering Department,Test Engineer
912,R&D Department,Head of R&D
913,Engineering Department,Design Engineer
914,R&D Department,Algorithm Engineer
915,Project Management,Secretary
916,R&D Department,Head of R&D
917,Information Technology,Systems and Network Administrator
918,Security and Information Security,Chief Information Security Officer (CISO)
919,Project Management,Project Coordinator
920,Information Technology,BI Developer / Data Analyst
921,Information Technology,Systems and Network Administrator
922,Information Technology,BI Developer / Data Analyst
923,Engineering Department,Design Engineer
924,Operations and Manufacturing,Warehouse Manager
925,Engineering Department,Secretary
926,Project Management,Project Engineer
927,Information Technology,Data Scientist
928,R&D Department,Systems Engineer
929,Information Technology,BI Developer / Data Analyst
930,Engineering Department,Head of Engineering
931,Human Resources,Training Coordinator
932,Project Management,Secretary
933,R&D Department,Head of R&D
934,Marketing and Business Development,Business Development Manager
935,R&D Department,Development Engineer (Hardware / Software / Mechanical)
936,Finance,Finance Manager
937,Engineering Department,Design Engineer
938,Marketing and Business Development,Marketing Manager
939,Engineering Department,Secretary
940,Operations and Manufacturing,Procurement Officer
941,R&D Department,Secretary
942,R&D Department,Algorithm Engineer
943,Engineering Department,Test Engineer
944,R&D Department,Integration and Testing Engineer
945,Engineering Department,Process Engineer
946,Marketing and Business Development,Business Development Manager
947,R&D Department,Algorithm Engineer
948,Marketing and Business Development,Bid Coordinator
949,Security and Information Security,Physical Access Control
950,Marketing and Business Development,Business Development Manager
951,Operations and Manufacturing,Procurement Officer
952,Project Management,Project Manager
953,Engineering Department,Systems Engineer
954,R&D Department,Development Engineer (Hardware / Software / Mechanical)
955,Information Technology,Enterprise Systems Developer (ERP / CRM / SAP)
956,Engineering Department,Design Engineer
957,Operations and Manufacturing,Warehouse Manager
958,Executive Management,Chief Human Resources Officer (CHRO)
959,Engineering Department,Test Engineer
960,R&D Department,Systems Engineer
961,Operations and Manufacturing,Warehouse Manager
962,Information Technology,Enterprise Systems Developer (ERP / CRM / SAP)
963,Operations and Manufacturing,Operations Manager
964,Project Management,Secretary
965,R&D Department,Algorithm Engineer
966,Information Technology,BI Developer / Data Analyst
967,R&D Department,Head of R&D
968,Operations and Manufacturing,Procurement Officer
969,Marketing and Business Development,Account Manager
970,Marketing and Business Development,Business Development Manager
971,Marketing and Business Development,Bid Coordinator
972,Information Technology,IT Director
973,Marketing and Business Development,Account Manager
974,Information Technology,Systems and Network Administrator
975,Project Management,Secretary
976,Engineering Department,Secretary
977,Engineering Department,Secretary
978,Engineering Department,Secretary
979,R&D Department,Systems Engineer
980,R&D Department,Head of R&D
981,Information Technology,IT Director
982,Engineering Department,Process Engineer
983,Engineering Department,Process Engineer
984,Engineering Department,Test Engineer
985,Project Management,Project Manager
986,Information Technology,Secretary
987,Engineering Department,Test Engineer
988,Engineering Department,Systems Engineer
989,Human Resources,Secretary
990,Operations and Manufacturing,Logistics Manager
991,Project Management,Project Coordinator
992,Information Technology,Information Security Specialist
993,Project Management,Project Manager
994,Operations and Manufacturing,Procurement Officer
995,Information Technology,IT Director
996,Operations and Manufacturing,Operations Manager
997,Security and Information Security,Chief Information Security Officer (CISO)
998,Marketing and Business Development,Account Manager
999,Operations and Manufacturing,Procurement Officer
1000,Engineering Department,Process Engineer
1001,R&D Department,Secretary
1002,Security and Information Security,Physical Access Control
1003,Information Technology,BI Developer / Data Analyst
1004,Engineering Department,Systems Engineer
1005,Operations and Manufacturing,Logistics Manager
1006,Project Management,Project Engineer
1007,Project Management,Project Engineer
1008,Engineering Department,Head of Engineering
1009,Operations and Manufacturing,Manufacturing Engineer
1010,Human Resources,HR Manager
1011,Project Management,Project Manager
1012,R&D Department,Development Engineer (Hardware / Software / Mechanical)
1013,Operations and Manufacturing,Warehouse Manager
1014,Information Technology,IT Director
1015,Operations and Manufacturing,Manufacturing Engineer
1016,Engineering Department,Process Engineer
1017,Marketing and Business Development,Marketing Manager
1018,Information Technology,Data Scientist
1019,R&D Department,Development Engineer (Hardware / Software / Mechanical)
1020,R&D Department,Development Engineer (Hardware / Software / Mechanical)
1021,Human Resources,Recruitment Coordinator
1022,R&D Department,Algorithm Engineer
1023,Engineering Department,Test Engineer
1024,R&D Department,Integration and Testing Engineer
1025,Engineering Department,Secretary
1026,Operations and Manufacturing,Logistics Manager
1027,Information Technology,IT Director
1028,Operations and Manufacturing,Procurement Officer
1029,Finance,Accountant
1030,R&D Department,Secretary
1031,Finance,Accountant
1032,Marketing and Business Development,Bid Coordinator
1033,Marketing and Business Development,Marketing Manager
1034,Operations and Manufacturing,Operations Manager
1035,Security and Information Security,Chief Information Security Officer (CISO)
1036,Finance,Budget Manager
1037,Security and Information Security,Security Officer
1038,R&D Department,Systems Engineer
1039,Information Technology,Information Security Specialist
1040,Operations and Manufacturing,Logistics Manager
1041,Human Resources,Recruitment Coordinator
1042,Information Technology,Information Security Specialist
1043,Engineering Department,Secretary
1044,R&D Department,Algorithm Engineer
1045,Engineering Department,Systems Engineer
1046,Engineering Department,Process Engineer
1047,Information Technology,IT Director
1048,Information Technology,Information Security Specialist
1049,Project Management,Project Manager
1050,R&D Department,Development Engineer (Hardware / Software / Mechanical)
1051,Operations and Manufacturing,Secretary
1052,Engineering Department,Systems Engineer
1053,R&D Department,Development Engineer (Hardware / Software / Mechanical)
1054,R&D Department,Head of R&D
1055,Engineering Department,Head of Engineering
1056,Engineering Department,Secretary
1057,R&D Department,Algorithm Engineer
1058,R&D Department,Secretary
1059,Marketing and Business Development,Marketing Manager
1060,Project Management,Project Engineer
1061,Engineering Department,Head of Engineering
1062,R&D Department,Head of R&D
1063,Project Management,Secretary
1064,R&D Department,Development Engineer (Hardware / Software / Mechanical)
1065,Engineering Department,Secretary
1066,R&D Department,Secretary
1067,R&D Department,Development Engineer (Hardware / Software / Mechanical)
1068,Engineering Department,Design Engineer
1069,Engineering Department,Design Engineer
1070,R&D Department,Development Engineer (Hardware / Software / Mechanical)
1071,Finance,Financial Analyst
1072,R&D Department,Systems Engineer
1073,Engineering Department,Systems Engineer
1074,Marketing and Business Development,Bid Coordinator
1075,Operations and Manufacturing,Operations Manager
1076,Executive Management,Chief Marketing and Business Development Officer
1077,Operations and Manufacturing,Warehouse Manager
1078,Operations and Manufacturing,Procurement Officer
1079,Engineering Department,Design Engineer
1080,R&D Department,Development Engineer (Hardware / Software / Mechanical)
1081,Operations and Manufacturing,Operations Manager
1082,Engineering Department,Test Engineer
1083,Engineering Department,Secretary
1084,Engineering Department,Process Engineer
1085,R&D Department,Algorithm Engineer
1086,R&D Department,Algorithm Engineer
1087,Information Technology,Systems and Network Administrator
1088,R&D Department,Head of R&D
1089,Engineering Department,Test Engineer
1090,R&D Department,Head of R&D
1091,Information Technology,Systems and Network Administrator
1092,R&D Department,Head of R&D
1093,Human Resources,Training Coordinator
1094,R&D Department,Integration and Testing Engineer
1095,R&D Department,Integration and Testing Engineer
1096,Project Management,Secretary
1097,Engineering Department,Test Engineer
1098,Operations and Manufacturing,Operations Manager
1099,Operations and Manufacturing,Warehouse Manager
1100,Engineering Department,Secretary
1101,Operations and Manufacturing,Warehouse Manager
1102,R&D Department,Systems Engineer
1103,Operations and Manufacturing,Secretary
1104,R&D Department,Integration and Testing Engineer
1105,Engineering Department,Design Engineer
1106,R&D Department,Secretary
1107,Marketing and Business Development,Account Manager
1108,R&D Department,Integration and Testing Engineer
1109,Operations and Manufacturing,Secretary
1110,Engineering Department,Test Engineer
1111,Information Technology,IT Director
1112,R&D Department,Algorithm Engineer
1113,Operations and Manufacturing,Warehouse Manager
1114,R&D Department,Development Engineer (Hardware / Software / Mechanical)
1115,Finance,Budget Manager
1116,Security and Information Security,Cyber Analyst
1117,Engineering Department,Secretary
1118,Operations and Manufacturing,Warehouse Manager
1119,Operations and Manufacturing,Logistics Manager
1120,Engineering Department,Design Engineer
1121,Engineering Department,Systems Engineer
1122,Marketing and Business Development,Marketing Manager
1123,Executive Management,Chief Marketing and Business Development Officer
1124,R&D Department,Secretary
1125,Marketing and Business Development,Secretary
1126,R&D Department,Development Engineer (Hardware / Software / Mechanical)
1127,Human Resources,Training Coordinator
1128,Marketing and Business Development,Secretary
1129,Engineering Department,Test Engineer
1130,Marketing and Business Development,Marketing Manager
1131,Marketing and Business Development,Bid Coordinator
1132,Engineering Department,Head of Engineering
1133,Engineering Department,Test Engineer
1134,Information Technology,Secretary
1135,R&D Department,Algorithm Engineer
1136,Engineering Department,Secretary
1137,R&D Department,Algorithm Engineer
1138,Engineering Department,Process Engineer
1139,Information Technology,Enterprise Systems Developer (ERP / CRM / SAP)
1140,Information Technology,IT Director
1141,Engineering Department,Process Engineer
1142,Engineering Department,Head of Engineering
1143,Operations and Manufacturing,Secretary
1144,Operations and Manufacturing,Secretary
1145,R&D Department,Integration and Testing Engineer
1146,Project Management,Secretary
1147,Marketing and Business Development,Business Development Manager
1148,Engineering Department,Test Engineer
1149,Engineering Department,Design Engineer
1150,R&D Department,Integration and Testing Engineer
1151,Information Technology,Secretary
1152,Operations and Manufacturing,Secretary
1153,R&D Department,Development Engineer (Hardware / Software / Mechanical)
1154,Marketing and Business Development,Secretary
1155,Finance,Secretary
1156,R&D Department,Development Engineer (Hardware / Software / Mechanical)
1157,Operations and Manufacturing,Procurement Officer
1158,Marketing and Business Development,Account Manager
1159,R&D Department,Integration and Testing Engineer
1160,Engineering Department,Secretary
1161,R&D Department,Development Engineer (Hardware / Software / Mechanical)
1162,R&D Department,Integration and Testing Engineer
1163,Engineering Department,Test Engineer
1164,Engineering Department,Systems Engineer
1165,Engineering Department,Systems Engineer
1166,Engineering Department,Secretary
1167,R&D Department,Development Engineer (Hardware / Software / Mechanical)
1168,Operations and Manufacturing,Operations Manager
1169,Engineering Department,Head of Engineering
1170,R&D Department,Secretary
1171,Security and Information Security,Security Officer
1172,Operations and Manufacturing,Manufacturing Engineer
1173,Project Management,Secretary
1174,R&D Department,Systems Engineer
1175,Finance,Accountant
1176,Information Technology,Data Scientist
1177,Marketing and Business Development,Account Manager
1178,R&D Department,Algorithm Engineer
1179,R&D Department,Integration and Testing Engineer
1180,Project Management,Secretary
1181,Operations and Manufacturing,Secretary
1182,Project Management,Project Coordinator
1183,Human Resources,Training Coordinator
1184,Engineering Department,Test Engineer
1185,Operations and Manufacturing,Warehouse Manager
1186,Marketing and Business Development,Bid Coordinator
1187,Human Resources,Secretary
1188,R&D Department,Secretary
1189,Marketing and Business Development,Bid Coordinator
1190,Engineering Department,Process Engineer
1191,R&D Department,Development Engineer (Hardware / Software / Mechanical)
1192,R&D Department,Algorithm Engineer
1193,Security and Information Security,Chief Information Security Officer (CISO)
1194,Finance,Budget Manager
1195,Information Technology,Data Scientist
1196,Human Resources,Training Coordinator
1197,Engineering Department,Process Engineer
1198,Marketing and Business Development,Secretary
1199,Marketing and Business Development,Account Manager
1200,Finance,Budget Manager
1201,R&D Department,Systems Engineer
1202,Finance,Budget Manager
1203,Marketing and Business Development,Account Manager
1204,R&D Department,Systems Engineer
1205,Operations and Manufacturing,Logistics Manager
1206,Project Management,Secretary
1207,Engineering Department,Design Engineer
1208,Security and Information Security,Security Officer
1209,Information Technology,BI Developer / Data Analyst
1210,Information Technology,IT Director
1211,Finance,Accountant
1212,Operations and Manufacturing,Secretary
1213,Operations and Manufacturing,Operations Manager
1214,R&D Department,Integration and Testing Engineer
1215,Engineering Department,Systems Engineer
1216,R&D Department,Development Engineer (Hardware / Software / Mechanical)
1217,R&D Department,Head of R&D
1218,Marketing and Business Development,Secretary
1219,R&D Department,Integration and Testing Engineer
1220,Marketing and Business Development,Account Manager
1221,R&D Department,Systems Engineer
1222,Engineering Department,Head of Engineering
1223,Security and Information Security,Physical Access Control
1224,Information Technology,Systems and Network Administrator
1225,Finance,Secretary
1226,R&D Department,Algorithm Engineer
1227,Project Management,Project Coordinator
1228,Marketing and Business Development,Marketing Manager
1229,Security and Information Security,Information Security Investigator
1230,Engineering Department,Design Engineer
1231,Project Management,Project Manager
1232,Engineering Department,Head of Engineering
1233,Operations and Manufacturing,Warehouse Manager
1234,Operations and Manufacturing,Operations Manager
1235,R&D Department,Development Engineer (Hardware / Software / Mechanical)
1236,R&D Department,Integration and Testing Engineer
1237,R&D Department,Integration and Testing Engineer
1238,Operations and Manufacturing,Manufacturing Engineer
1239,R&D Department,Integration and Testing Engineer
1240,Security and Information Security,Cyber Analyst
1241,Information Technology,Secretary
1242,Engineering Department,Design Engineer
1243,Engineering Department,Process Engineer
1244,Information Technology,IT Director
1245,Engineering Department,Process Engineer
1246,Project Management,Project Coordinator
1247,Engineering Department,Systems Engineer
1248,R&D Department,Development Engineer (Hardware / Software / Mechanical)
1249,Security and Information Security,Information Security Investigator
1250,R&D Department,Systems Engineer
1251,Project Management,Project Manager
1252,Engineering Department,Head of Engineering
1253,R&D Department,Algorithm Engineer
1254,Engineering Department,Systems Engineer
1255,Marketing and Business Development,Business Development Manager
1256,Information Technology,Enterprise Systems Developer (ERP / CRM / SAP)
1257,Engineering Department,Design Engineer
1258,Human Resources,Recruitment Coordinator
1259,Human Resources,Training Coordinator
1260,Project Management,Project Engineer
1261,Operations and Manufacturing,Operations Manager
1262,R&D Department,Secretary
1263,R&D Department,Algorithm Engineer
1264,Operations and Manufacturing,Operations Manager
1265,Finance,Accountant
1266,Engineering Department,Systems Engineer
1267,Engineering Department,Process Engineer
1268,Engineering Department,Head of Engineering
1269,R&D Department,Algorithm Engineer
1270,Marketing and Business Development,Secretary
1271,Information Technology,Information Security Specialist
1272,Marketing and Business Development,Marketing Manager
1273,Engineering Department,Process Engineer
1274,R&D Department,Algorithm Engineer
1275,Marketing and Business Development,Marketing Manager
1276,Engineering Department,Head of Engineering
1277,R&D Department,Algorithm Engineer
1278,Engineering Department,Process Engineer
1279,Information Technology,Secretary
1280,Information Technology,Systems and Network Administrator
1281,Project Management,Project Coordinator
1282,Operations and Manufacturing,Manufacturing Engineer
1283,Marketing and Business Development,Business Development Manager
1284,Operations and Manufacturing,Operations Manager
1285,R&D Department,Integration and Testing Engineer
1286,R&D Department,Development Engineer (Hardware / Software / Mechanical)
1287,R&D Department,Secretary
1288,Information Technology,Data Scientist
1289,R&D Department,Head of R&D
1290,R&D Department,Algorithm Engineer
1291,Operations and Manufacturing,Warehouse Manager
1292,R&D Department,Algorithm Engineer
1293,Engineering Department,Design Engineer
1294,Operations and Manufacturing,Secretary
1295,Operations and Manufacturing,Operations Manager
1296,Human Resources,Recruitment Coordinator
1297,Human Resources,Secretary
1298,R&D Department,Development Engineer (Hardware / Software / Mechanical)
1299,Information Technology,Enterprise Systems Developer (ERP / CRM / SAP)
1300,R&D Department,Head of R&D
1301,R&D Department,Algorithm Engineer
1302,Engineering Department,Process Engineer
1303,Engineering Department,Design Engineer
1304,Project Management,Secretary
1305,Operations and Manufacturing,Secretary
1306,Project Management,Secretary
1307,Information Technology,Enterprise Systems Developer (ERP / CRM / SAP)
1308,Marketing and Business Development,Business Development Manager
1309,Human Resources,Secretary
1310,Engineering Department,Systems Engineer
1311,Engineering Department,Systems Engineer
1312,Information Technology,Information Security Specialist
1313,Engineering Department,Systems Engineer
1314,R&D Department,Head of R&D
1315,Engineering Department,Design Engineer
1316,Operations and Manufacturing,Manufacturing Engineer
1317,R&D Department,Development Engineer (Hardware / Software / Mechanical)
1318,Information Technology,Data Scientist
1319,Information Technology,Information Security Specialist
1320,Operations and Manufacturing,Logistics Manager
1321,Marketing and Business Development,Account Manager
1322,Information Technology,Systems and Network Administrator
1323,Operations and Manufacturing,Manufacturing Engineer
1324,R&D Department,Secretary
1325,R&D Department,Systems Engineer
1326,Operations and Manufacturing,Warehouse Manager
1327,Finance,Secretary
1328,Finance,Financial Analyst
1329,Operations and Manufacturing,Manufacturing Engineer
1330,Engineering Department,Systems Engineer
1331,Operations and Manufacturing,Manufacturing Engineer
1332,Project Management,Project Coordinator
1333,Project Management,Project Coordinator
1334,Project Management,Secretary
1335,Engineering Department,Systems Engineer
1336,Operations and Manufacturing,Secretary
1337,Operations and Manufacturing,Procurement Officer
1338,Human Resources,HR Manager
1339,Engineering Department,Test Engineer
1340,R&D Department,Systems Engineer
1341,Finance,Budget Manager
1342,Operations and Manufacturing,Procurement Officer
1343,Operations and Manufacturing,Logistics Manager
1344,R&D Department,Systems Engineer
1345,Marketing and Business Development,Business Development Manager
1346,Security and Information Security,Cyber Analyst
1347,Information Technology,BI Developer / Data Analyst
1348,Information Technology,Information Security Specialist
1349,Engineering Department,Design Engineer
1350,Engineering Department,Systems Engineer
1351,Engineering Department,Process Engineer
1352,Security and Information Security,Security Officer
1353,R&D Department,Integration and Testing Engineer
1354,R&D Department,Secretary
1355,Engineering Department,Test Engineer
1356,Operations and Manufacturing,Logistics Manager
1357,Security and Information Security,Chief Information Security Officer (CISO)
1358,Project Management,Project Engineer
1359,R&D Department,Algorithm Engineer
1360,Operations and Manufacturing,Operations Manager
1361,R&D Department,Integration and Testing Engineer
1362,Information Technology,Information Security Specialist
1363,R&D Department,Head of R&D
1364,R&D Department,Systems Engineer
1365,Marketing and Business Development,Account Manager
1366,Engineering Department,Test Engineer
1367,Information Technology,Secretary
1368,Operations and Manufacturing,Operations Manager
1369,Engineering Department,Head of Engineering
1370,Information Technology,Data Scientist
1371,Engineering Department,Process Engineer
1372,Engineering Department,Process Engineer
1373,R&D Department,Algorithm Engineer
1374,Information Technology,BI Developer / Data Analyst
1375,R&D Department,Head of R&D
1376,Operations and Manufacturing,Secretary
1377,Information Technology,Systems and Network Administrator
1378,Marketing and Business Development,Marketing Manager
1379,R&D Department,Head of R&D
1380,Operations and Manufacturing,Procurement Officer
1381,Operations and Manufacturing,Logistics Manager
1382,Marketing and Business Development,Secretary
1383,R&D Department,Algorithm Engineer
1384,Operations and Manufacturing,Manufacturing Engineer
1385,Operations and Manufacturing,Manufacturing Engineer
1386,R&D Department,Integration and Testing Engineer
1387,Operations and Manufacturing,Warehouse Manager
1388,R&D Department,Secretary
1389,Operations and Manufacturing,Operations Manager
1390,Project Management,Project Coordinator
1391,Finance,Accountant
1392,Engineering Department,Design Engineer
1393,R&D Department,Integration and Testing Engineer
1394,Operations and Manufacturing,Warehouse Manager
1395,Information Technology,Information Security Specialist
1396,Finance,Budget Manager
1397,Engineering Department,Head of Engineering
1398,R&D Department,Systems Engineer
1399,Finance,Financial Analyst
1400,Information Technology,Systems and Network Administrator
1401,Operations and Manufacturing,Operations Manager
1402,Operations and Manufacturing,Manufacturing Engineer
1403,R&D Department,Secretary
1404,Operations and Manufacturing,Operations Manager
1405,Finance,Budget Manager
1406,Project Management,Project Manager
1407,Information Technology,BI Developer / Data Analyst
1408,Operations and Manufacturing,Warehouse Manager
1409,Information Technology,Systems and Network Administrator
1410,Engineering Department,Process Engineer
1411,R&D Department,Algorithm Engineer
1412,Engineering Department,Head of Engineering
1413,Information Technology,BI Developer / Data Analyst
1414,Operations and Manufacturing,Manufacturing Engineer
1415,R&D Department,Integration and Testing Engineer
1416,Operations and Manufacturing,Manufacturing Engineer
1417,Engineering Department,Process Engineer
1418,Operations and Manufacturing,Procurement Officer
1419,Engineering Department,Process Engineer
1420,Engineering Department,Head of Engineering
1421,Information Technology,BI Developer / Data Analyst
1422,Operations and Manufacturing,Logistics Manager
1423,R&D Department,Development Engineer (Hardware / Software / Mechanical)
1424,R&D Department,Head of R&D
1425,R&D Department,Systems Engineer
1426,Information Technology,Secretary
1427,Operations and Manufacturing,Manufacturing Engineer
1428,Project Management,Secretary
1429,Project Management,Secretary
1430,Engineering Department,Systems Engineer
1431,R&D Department,Head of R&D
1432,R&D Department,Systems Engineer
1433,Operations and Manufacturing,Secretary
1434,Marketing and Business Development,Account Manager
1435,Information Technology,Secretary
1436,Finance,Secretary
1437,Engineering Department,Process Engineer
1438,Engineering Department,Process Engineer
1439,Information Technology,IT Director
1440,R&D Department,Integration and Testing Engineer
1441,Security and Information Security,Chief Information Security Officer (CISO)
1442,Engineering Department,Head of Engineering
1443,Engineering Department,Head of Engineering
1444,Engineering Department,Test Engineer
1445,Operations and Manufacturing,Procurement Officer
1446,Project Management,Project Coordinator
1447,Engineering Department,Systems Engineer
1448,Operations and Manufacturing,Operations Manager
1449,Project Management,Secretary
1450,Project Management,Project Coordinator
1451,Operations and Manufacturing,Warehouse Manager
1452,R&D Department,Systems Engineer
1453,Project Management,Secretary
1454,R&D Department,Algorithm Engineer
1455,Engineering Department,Test Engineer
1456,Project Management,Project Coordinator
1457,Engineering Department,Head of Engineering
1458,R&D Department,Integration and Testing Engineer
1459,Engineering Department,Secretary
1460,Operations and Manufacturing,Manufacturing Engineer
1461,Operations and Manufacturing,Operations Manager
1462,Engineering Department,Process Engineer
1463,Operations and Manufacturing,Secretary
1464,R&D Department,Integration and Testing Engineer
1465,R&D Department,Systems Engineer
1466,Security and Information Security,Security Officer
1467,Operations and Manufacturing,Procurement Officer
1468,R&D Department,Algorithm Engineer
1469,Information Technology,Information Security Specialist
1470,Engineering Department,Design Engineer
1471,R&D Department,Development Engineer (Hardware / Software / Mechanical)
1472,Information Technology,BI Developer / Data Analyst
1473,R&D Department,Secretary
1474,Engineering Department,Design Engineer
1475,Security and Information Security,Security Officer
1476,Engineering Department,Design Engineer
1477,Operations and Manufacturing,Operations Manager
1478,Project Management,Project Engineer
1479,Marketing and Business Development,Account Manager
1480,Information Technology,Enterprise Systems Developer (ERP / CRM / SAP)
1481,Information Technology,Secretary
1482,R&D Department,Integration and Testing Engineer
1483,R&D Department,Development Engineer (Hardware / Software / Mechanical)
1484,Operations and Manufacturing,Manufacturing Engineer
1485,Engineering Department,Head of Engineering
1486,Information Technology,BI Developer / Data Analyst
1487,Information Technology,Secretary
1488,Project Management,Project Manager
1489,Marketing and Business Development,Business Development Manager
1490,R&D Department,Algorithm Engineer
1491,Project Management,Project Manager
1492,Engineering Department,Process Engineer
1493,Human Resources,HR Manager
1494,Engineering Department,Process Engineer
1495,R&D Department,Head of R&D
1496,Engineering Department,Head of Engineering
1497,R&D Department,Development Engineer (Hardware / Software / Mechanical)
1498,R&D Department,Algorithm Engineer
1499,Operations and Manufacturing,Procurement Officer
1500,Information Technology,Secretary
1501,Engineering Department,Systems Engineer
1502,Operations and Manufacturing,Manufacturing Engineer
1503,R&D Department,Development Engineer (Hardware / Software / Mechanical)
1504,Marketing and Business Development,Marketing Manager
1505,R&D Department,Integration and Testing Engineer
1506,R&D Department,Integration and Testing Engineer
1507,Project Management,Project Manager
1508,R&D Department,Integration and Testing Engineer
1509,Operations and Manufacturing,Operations Manager
1510,Engineering Department,Test Engineer
1511,Engineering Department,Test Engineer
1512,Engineering Department,Head of Engineering
1513,Engineering Department,Test Engineer
1514,Engineering Department,Secretary
1515,Information Technology,BI Developer / Data Analyst
1516,Project Management,Project Coordinator
1517,Information Technology,BI Developer / Data Analyst
1518,R&D Department,Secretary
1519,Operations and Manufacturing,Warehouse Manager
1520,Human Resources,HR Manager
1521,Information Technology,Information Security Specialist
1522,R&D Department,Systems Engineer
1523,Finance,Accountant
1524,Marketing and Business Development,Bid Coordinator
1525,Information Technology,Enterprise Systems Developer (ERP / CRM / SAP)
1526,R&D Department,Secretary
1527,Operations and Manufacturing,Logistics Manager
1528,Project Management,Project Coordinator
1529,R&D Department,Secretary
1530,R&D Department,Systems Engineer
1531,Operations and Manufacturing,Manufacturing Engineer
1532,R&D Department,Development Engineer (Hardware / Software / Mechanical)
1533,Engineering Department,Secretary
1534,Operations and Manufacturing,Procurement Officer
1535,Information Technology,Data Scientist
1536,Human Resources,Recruitment Coordinator
1537,Marketing and Business Development,Secretary
1538,Information Technology,Enterprise Systems Developer (ERP / CRM / SAP)
1539,Engineering Department,Process Engineer
1540,Finance,Financial Analyst
1541,Information Technology,Systems and Network Administrator
1542,Information Technology,Enterprise Systems Developer (ERP / CRM / SAP)
1543,R&D Department,Integration and Testing Engineer
1544,R&D Department,Development Engineer (Hardware / Software / Mechanical)
1545,Project Management,Project Manager
1546,Engineering Department,Process Engineer
1547,Engineering Department,Test Engineer
1548,Engineering Department,Process Engineer
1549,Operations and Manufacturing,Logistics Manager
1550,R&D Department,Systems Engineer
1551,Engineering Department,Process Engineer
1552,Marketing and Business Development,Business Development Manager
1553,R&D Department,Systems Engineer
1554,Project Management,Project Manager
1555,R&D Department,Head of R&D
1556,R&D Department,Development Engineer (Hardware / Software / Mechanical)
1557,Operations and Manufacturing,Operations Manager
1558,Finance,Secretary
1559,Information Technology,Data Scientist
1560,Information Technology,Systems and Network Administrator
1561,R&D Department,Systems Engineer
1562,Operations and Manufacturing,Manufacturing Engineer
1563,Finance,Budget Manager
1564,Engineering Department,Test Engineer
1565,R&D Department,Secretary
1566,Project Management,Project Manager
1567,Operations and Manufacturing,Secretary
1568,R&D Department,Integration and Testing Engineer
1569,Project Management,Project Manager
1570,Engineering Department,Process Engineer
1571,R&D Department,Systems Engineer
1572,R&D Department,Secretary
1573,Project Management,Secretary
1574,Executive Management,Chief Executive Officer (CEO)
1575,R&D Department,Development Engineer (Hardware / Software / Mechanical)
1576,Operations and Manufacturing,Operations Manager
1577,Information Technology,Enterprise Systems Developer (ERP / CRM / SAP)
1578,Marketing and Business Development,Marketing Manager
1579,Operations and Manufacturing,Logistics Manager
1580,R&D Department,Integration and Testing Engineer
1581,R&D Department,Integration and Testing Engineer
1582,Finance,Accountant
1583,R&D Department,Secretary
1584,R&D Department,Algorithm Engineer
1585,Project Management,Project Engineer
1586,Project Management,Project Coordinator
1587,Operations and Manufacturing,Manufacturing Engineer
1588,Security and Information Security,Chief Information Security Officer (CISO)
1589,Project Management,Secretary
1590,Operations and Manufacturing,Secretary
1591,Marketing and Business Development,Account Manager
1592,Information Technology,Data Scientist
1593,R&D Department,Algorithm Engineer
1594,R&D Department,Systems Engineer
1595,R&D Department,Secretary
1596,R&D Department,Secretary
1597,Finance,Budget Manager
1598,Information Technology,Data Scientist
1599,Human Resources,Employee Welfare Coordinator
1600,R&D Department,Integration and Testing Engineer
1601,Information Technology,Enterprise Systems Developer (ERP / CRM / SAP)
1602,Operations and Manufacturing,Manufacturing Engineer
1603,Operations and Manufacturing,Secretary
1604,Engineering Department,Head of Engineering
1605,Information Technology,Secretary
1606,R&D Department,Integration and Testing Engineer
1607,R&D Department,Integration and Testing Engineer
1608,Project Management,Project Coordinator
1609,Engineering Department,Systems Engineer
1610,Marketing and Business Development,Bid Coordinator
1611,Information Technology,Enterprise Systems Developer (ERP / CRM / SAP)
1612,R&D Department,Head of R&D
1613,Information Technology,Systems and Network Administrator
1614,Information Technology,Systems and Network Administrator
1615,R&D Department,Secretary
1616,Operations and Manufacturing,Warehouse Manager
1617,Operations and Manufacturing,Procurement Officer
1618,R&D Department,Head of R&D
1619,Operations and Manufacturing,Operations Manager
1620,Engineering Department,Head of Engineering
1621,Information Technology,Data Scientist
1622,Human Resources,Secretary
1623,Information Technology,BI Developer / Data Analyst
1624,Finance,Budget Manager
1625,Engineering Department,Process Engineer
1626,R&D Department,Development Engineer (Hardware / Software / Mechanical)
1627,Operations and Manufacturing,Procurement Officer
1628,Human Resources,Training Coordinator
1629,Operations and Manufacturing,Logistics Manager
1630,Information Technology,IT Director
1631,Marketing and Business Development,Marketing Manager
1632,Engineering Department,Design Engineer
1633,Marketing and Business Development,Secretary
1634,R&D Department,Secretary
1635,Project Management,Project Manager
1636,Project Management,Secretary
1637,R&D Department,Integration and Testing Engineer
1638,R&D Department,Development Engineer (Hardware / Software / Mechanical)
1639,Information Technology,Systems and Network Administrator
1640,Information Technology,Enterprise Systems Developer (ERP / CRM / SAP)
1641,Information Technology,IT Director
1642,Finance,Finance Manager
1643,Project Management,Project Engineer
1644,Marketing and Business Development,Secretary
1645,Engineering Department,Process Engineer
1646,Operations and Manufacturing,Operations Manager
1647,Operations and Manufacturing,Procurement Officer
1648,R&D Department,Systems Engineer
1649,Legal and Regulation,Regulatory Affairs Officer
1650,Operations and Manufacturing,Manufacturing Engineer
1651,Engineering Department,Design Engineer
1652,Engineering Department,Secretary
1653,Marketing and Business Development,Account Manager
1654,R&D Department,Development Engineer (Hardware / Software / Mechanical)
1655,Security and Information Security,Cyber Analyst
1656,Engineering Department,Head of Engineering
1657,Project Management,Project Manager
1658,Information Technology,Secretary
1659,R&D Department,Secretary
1660,Information Technology,IT Director
1661,Engineering Department,Design Engineer
1662,Information Technology,Information Security Specialist
1663,Security and Information Security,Chief Information Security Officer (CISO)
1664,Engineering Department,Head of Engineering
1665,Marketing and Business Development,Secretary
1666,Operations and Manufacturing,Procurement Officer
