employee_id,split,lstm_score,true_label
1,train,0.36241170916863125,0
2,train,0.18438091983588087,0
3,train,0.4205956076037265,0
4,train,0.14785132313613417,0
5,train,0.2021557687181336,0
6,train,0.2718848140608409,0
7,train,0.15128871873199615,0
8,train,0.3003673184261006,0
9,train,0.34765813190041434,0
10,train,0.2790182416459716,0
11,train,0.2612889645533825,0
12,train,0.2901691435635245,0
13,train,0.2528879176865722,0
14,train,0.2929999052061191,0
15,train,0.4224352846233628,0
16,train,0.22221652207042153,0
17,train,0.36819879413610623,0
18,train,0.4159182869960037,1
19,train,0.27392068218425464,0
20,train,0.3561861781392624,0
21,train,0.3276214196208957,0
22,train,0.27687230310972083,0
23,train,0.31516098893145245,0
24,train,0.3098155965025427,0
25,train,0.2895215080859331,0
26,train,0.3271554511522559,0
27,train,0.3312650079559498,0
28,train,0.3274254356902539,0
29,train,0.3192760745348672,0
30,train,0.30160951608467923,0
31,train,0.3388880583942952,0
32,train,0.2708525386636085,0
33,train,0.3803543093088269,0
34,train,0.35479743679598125,0
35,train,0.3225187258841374,0
36,train,0.34919473489712427,0
37,train,0.33252531251285017,0
38,train,0.3279801991317959,0
39,train,0.2580828509598219,0
40,train,0.31354832946520167,0
41,train,0.41291747494843306,0
42,train,0.302582703495722,0
43,train,0.5031188800019843,1
44,train,0.33326456785525854,0
45,train,0.3502163700509029,0
46,train,0.2988796429453529,0
47,train,0.40474274689730283,0
48,train,0.31482753495916366,0
49,train,0.31802861374008556,0
50,train,0.19018959803226557,0
51,train,0.36772045243505663,0
52,train,0.26139692495733674,0
53,train,0.3501507360998987,0
54,train,0.3115035482634729,0
55,train,0.3312081130890077,0
56,train,0.45167792616985175,0
57,train,0.48942107525725836,1
58,train,0.19280012385253728,0
59,train,0.3199313213242558,0
60,train,0.20905171397807873,0
61,train,0.2854190082596068,0
62,train,0.33209392100318924,0
63,train,0.24862300430407616,0
64,train,0.392161209190577,0
65,train,0.3395895861530311,0
66,train,0.3473918275238646,0
67,train,0.41370260650901486,1
68,train,0.2667361797981075,0
69,train,0.32020927064512034,0
70,train,0.189491148976525,0
71,train,0.2900472827668839,0
72,train,0.3358599724029216,0
73,train,0.31075332839196784,0
74,train,0.33163130175105193,0
75,train,0.21567837676182497,0
76,train,0.34543129908986403,0
77,train,0.31864303893488627,0
78,train,0.25131691438439757,0
79,train,0.26339799980951945,0
80,train,0.2688307318906777,0
81,train,0.32884026706575215,0
82,train,0.3339426525946592,0
83,train,0.27339392694569614,0
84,train,0.12302751596160537,0
85,train,0.3216695115679304,0
86,train,0.32725588658226706,0
87,train,0.3160148606033142,0
88,train,0.16143821404139144,0
89,train,0.348588590433927,0
90,train,0.3225284987638312,0
91,train,0.5798140664341896,1
92,train,0.30494539743934485,0
93,train,0.3637893464534003,0
94,train,0.336119931737722,0
95,train,0.36820050633887963,0
96,train,0.3169457566941119,0
97,train,0.26134034964802294,0
98,train,0.3200154193811256,0
99,train,0.21297579883124404,0
100,train,0.2659863570420002,0
101,train,0.3752048086260029,0
102,train,0.1973114663165915,0
103,train,0.25719816012426877,0
104,train,0.3421498337135329,0
105,train,0.2925748942418429,0
106,train,0.2713895726122186,0
107,train,0.3043407220596076,0
108,train,0.32105814055625165,0
109,train,0.178163532189056,0
110,train,0.3350267270247964,0
111,train,0.2593768970942551,0
112,train,0.35874396534279973,0
113,train,0.270114234205108,0
114,train,0.26642181976119367,0
115,train,0.2617772953945465,0
116,train,0.2718721552950051,0
117,train,0.2737083870758403,0
118,train,0.3554354638856578,0
119,train,0.33915453977888305,0
120,train,0.3655111794528963,0
121,train,0.3009718227534357,0
122,train,0.1969899857041275,0
123,train,0.42290944387667606,0
124,train,0.33233378500616767,0
125,train,0.295860077500863,0
126,train,0.3221574817862752,0
127,train,0.25599187884983793,0
128,train,0.3209762825924786,0
129,train,0.33667009815955523,0
130,train,0.373428891978548,0
131,train,0.2856169972951752,0
132,train,0.2970849033135526,0
133,train,0.2366658334912831,0
134,train,0.3784975808929265,0
135,train,0.3155539504886771,0
136,train,0.32722840438569695,0
137,train,0.2757728170716647,0
138,train,0.25700851949820674,0
139,train,0.3419195272072755,0
140,train,0.27623146079790906,0
141,train,0.5546160022856589,1
142,train,0.27238173276526273,0
143,train,0.2265912557651756,0
144,train,0.30818993080661544,0
145,train,0.25758737725662256,0
146,train,0.29585506278469287,0
147,train,0.42643494644508534,1
148,train,0.3232946707617601,0
149,train,0.321749879362635,0
150,train,0.3892991231572018,0
151,train,0.2958336720844393,0
152,train,0.3004149719312374,0
153,train,0.32414658590129025,0
154,train,0.2252463292656476,0
155,train,0.35821533004081596,0
156,train,0.32442810261096966,0
157,train,0.2765445437852751,0
158,train,0.3882251858383981,0
159,train,0.31350991254983746,0
160,train,0.3428088033440819,0
161,train,0.40351761011651505,0
162,train,0.46726151680436007,0
163,train,0.3539837317156407,0
164,train,0.42325633870127644,0
165,train,0.3330633193321269,0
166,train,0.33393160791493476,0
167,train,0.3616340135195193,0
168,train,0.38984873874553133,1
169,train,0.2792910463964899,0
170,train,0.23187687746906618,0
171,train,0.2742918970469506,0
172,train,0.35540685215200707,0
173,train,0.4883722393429129,1
174,train,0.20430179713227092,0
175,train,0.25356224303003483,0
176,train,0.2637581059483917,0
177,train,0.3323582419827762,0
178,train,0.3474371539651823,0
179,train,0.2829865301198014,0
180,train,0.3538369558711066,0
181,train,0.3652606857511745,0
182,train,0.3516913759589919,0
183,train,0.3765339781401678,0
184,train,0.3451877275886123,0
185,train,0.3970697844078044,0
186,train,0.3575874422199922,0
187,train,0.24942579150937086,0
188,train,0.4008226831270117,0
189,train,0.35219157242111393,0
190,train,0.30997969641395956,0
191,train,0.522059263771646,1
192,train,0.25296243840811866,0
193,train,0.5321506924246169,1
194,train,0.3182108033464692,0
195,train,0.3810013063338353,0
196,train,0.31900474874321855,0
197,train,0.3696791459502223,0
198,train,0.23908436776618822,0
199,train,0.4523246818672448,0
200,train,0.39497067980632133,0
201,train,0.11567129980585018,0
202,train,0.16025514751775838,0
203,train,0.18344741281678703,0
204,train,0.23044595053043196,0
205,train,0.25058633601992936,0
206,train,0.23632502579964063,0
207,train,0.3677522071690431,0
208,train,0.32192161012407045,0
209,train,0.32023006732104403,0
210,train,0.32641822353516775,0
211,train,0.1104203095010939,0
212,train,0.25989965099777296,0
213,train,0.3301021968730323,0
214,train,0.34988757077718463,0
215,train,0.37088209665709004,0
216,train,0.2678988733079946,0
217,train,0.35897060487385507,0
218,train,0.3465503737451967,0
219,train,0.5090647767927133,1
220,train,0.2270438263517965,0
221,train,0.24385085995579125,0
222,train,0.20841612345129998,0
223,train,0.354884575339008,0
224,train,0.3358223957143465,0
225,train,0.48050250563329194,1
226,train,0.3096070092152865,0
227,train,0.34483942778553606,0
228,train,0.38673581979026445,0
229,train,0.387668416969491,0
230,train,0.2867703348536526,0
231,train,0.3236260760003487,0
232,train,0.3698771969795307,0
233,train,0.34417693674450495,0
234,train,0.1833807754844089,0
235,train,0.3133345611342408,0
236,train,0.3138727320615822,0
237,train,0.30516892533794243,0
238,train,0.33680721239170036,0
239,train,0.2516961074659256,0
240,train,0.30280056259200117,0
241,train,0.290558681028339,0
242,train,0.3526653849875159,0
243,train,0.317330223188991,0
244,train,0.22377526781965906,0
245,train,0.21363291617512203,0
246,train,0.2947497069572589,0
247,train,0.31095573025082507,0
248,train,0.3145229733358252,0
249,train,0.17996793782782947,0
250,train,0.2555148673790757,0
251,train,0.17367910042499765,0
252,train,0.3583699087963701,0
253,train,0.2665065558624847,0
254,train,0.2988471140394966,0
255,train,0.5656347194619081,1
256,train,0.196680218735565,0
257,train,0.47678225327636553,1
258,train,0.3951961064064647,0
259,train,0.46217521932825995,1
260,train,0.26051359727282897,0
261,train,0.5036820328138645,0
262,train,0.27540240628826934,0
263,train,0.29113611914301135,0
264,train,0.2798998440678522,0
265,train,0.16648706538132058,0
266,train,0.2726996247448703,0
267,train,0.26478342309709496,0
268,train,0.3227387890815309,0
269,train,0.2714291739696913,0
270,train,0.19123917163797824,0
271,train,0.33333889312753473,0
272,train,0.3492644631522987,0
273,train,0.3439980458062008,0
274,train,0.3658752663287798,0
275,train,0.4226885622868455,0
276,train,0.28966908353969684,0
277,train,0.33642699965126216,0
278,train,0.35242463819618,0
279,train,0.30977172728275143,0
280,train,0.35002962376952257,0
281,train,0.2920906729847435,0
282,train,0.34327161501520953,0
283,train,0.2798123282557518,0
284,train,0.3053886954212733,0
285,train,0.29807881095643557,0
286,train,0.3929581513887901,0
287,train,0.29810708808284275,0
288,train,0.351834849151367,0
289,train,0.3636779409225035,0
290,train,0.2466943463790914,0
291,train,0.20814666174815366,0
292,train,0.2821970547512666,0
293,train,0.24614553493614552,0
294,train,0.2685110692490542,0
295,train,0.2698028551746402,0
296,train,0.3015114677117758,0
297,train,0.2933755063036323,0
298,train,0.29256079702859233,0
299,train,0.34412375717283966,0
300,train,0.5974578246715069,1
301,train,0.3072316012436762,0
302,train,0.2993800598779291,0
303,train,0.4324399795768556,0
304,train,0.42285761137870076,0
305,train,0.2730003179034633,0
306,train,0.2920137276239452,0
307,train,0.2497385723848693,0
308,train,0.3284620716369029,0
309,train,0.3411148707709639,0
310,train,0.37187125801860094,0
311,train,0.17576452175511936,0
312,train,0.15699898157208245,0
313,train,0.4050803101726596,0
314,train,0.30193369910634205,0
315,train,0.2971157108995898,0
316,train,0.31381208046228803,0
317,train,0.3215492495342378,0
318,train,0.30146242818401575,0
319,train,0.13364502033316492,0
320,train,0.28968265851334024,0
321,train,0.31824917375922857,0
322,train,0.3393133941364051,0
323,train,0.33659507351861934,0
324,train,0.3192113179307979,0
325,train,0.21982748343645056,0
326,train,0.378540672056442,0
327,train,0.3032938061908285,0
328,train,0.21592477596858242,0
329,train,0.3235577561143521,0
330,train,0.3572809792049007,0
331,train,0.1910806878692899,0
332,train,0.26736668126261487,0
333,train,0.29904591469914593,0
334,train,0.2159459316100012,0
335,train,0.20029778637394505,0
336,train,0.32079509599790373,0
337,train,0.19207648015807988,0
338,train,0.40354309259983756,0
339,train,0.31777553296793504,0
340,train,0.3906705116586379,0
341,train,0.32658039443357306,0
342,train,0.32959970205484534,0
343,train,0.3537000076589189,0
344,train,0.3165693146854763,0
345,train,0.2374938862150097,0
346,train,0.34406215603375223,0
347,train,0.35961724449392013,0
348,train,0.19154919658140257,0
349,train,0.26865615959815664,0
350,train,0.23001857258624583,0
351,train,0.11147404326037275,0
352,train,0.3902540408051733,0
353,train,0.4632301015796025,0
354,train,0.32437773187238217,0
355,train,0.24913904415500054,0
356,train,0.30843452461100895,0
357,train,0.3019223696606567,0
358,train,0.18362063546222693,0
359,train,0.30549596384667144,0
360,train,0.3540921122705041,0
361,train,0.3809109259924502,0
362,train,0.33453535404083534,0
363,train,0.3475067170367751,0
364,train,0.25226818439915716,0
365,train,0.30739625271870363,0
366,train,0.23713638915337446,0
367,train,0.3929194791226374,0
368,train,0.4804132225362978,0
369,train,0.31529625351769924,0
370,train,0.2401318642041561,0
371,train,0.27500788624957645,0
372,train,0.3148780429793289,0
373,train,0.27146904074853523,0
374,train,0.3141453275106269,0
375,train,0.44075627586614424,1
376,train,0.23137544525291698,0
377,train,0.35555652886404054,0
378,train,0.3134694004962966,0
379,train,0.48076922726738963,1
380,train,0.4222295437438654,1
381,train,0.23318375879217776,0
382,train,0.32106627805167803,0
383,train,0.3030853527008397,0
384,train,0.3068515908478737,0
385,train,0.21857164757090772,0
386,train,0.609849719768197,1
387,train,0.3305974228026797,0
388,train,0.31701376486259625,0
389,train,0.16469241588820496,0
390,train,0.24390404263781362,0
391,train,0.30225219319214974,0
392,train,0.2516588989414053,0
393,train,0.28713338149405665,0
394,train,0.24711791544569625,0
395,train,0.30138024720372336,0
396,train,0.2448194077578886,0
397,train,0.2476770615292828,0
398,train,0.380288507696461,0
399,train,0.3598651931206329,0
400,train,0.40640705820542206,0
401,train,0.4612300210820288,0
402,train,0.40531499126533665,0
403,train,0.3121203034260745,0
404,train,0.37806869166290996,0
405,train,0.20527414393579457,0
406,train,0.3572428985788702,0
407,train,0.3665203824000031,0
408,train,0.3411501190073873,0
409,train,0.2468174745445825,0
410,train,0.2528438961694162,0
411,train,0.26562108425705155,0
412,train,0.3027662529670761,0
413,train,0.3644582373913994,0
414,train,0.3412641913639975,0
415,train,0.21987388450027334,0
416,train,0.28935271636386745,0
417,train,0.2765658484929751,0
418,train,0.28872248124406635,0
419,train,0.32963619651497184,0
420,train,0.3299737137210585,0
421,train,0.15520398651539233,0
422,train,0.318159890959703,0
423,train,0.23338131309358104,0
424,train,0.32662902665939725,0
425,train,0.31541907448241857,0
426,train,0.27443134839083755,0
427,train,0.25507736021274835,0
428,train,0.3659774302957796,0
429,train,0.3573998652495427,0
430,train,0.31004054205134596,0
431,train,0.3099486010987748,0
432,train,0.473199620910973,1
433,train,0.24337503027247206,0
434,train,0.33316424387270316,0
435,train,0.29798876471926355,0
436,train,0.25529692979911084,0
437,train,0.3020370263566745,0
438,train,0.34694142024589797,0
439,train,0.3732763891152031,0
440,train,0.24372166989729072,0
441,train,0.30685660427417233,0
442,train,0.29548620085558513,0
443,train,0.25022790310156684,0
444,train,0.3045860230427459,0
445,train,0.35898138617523184,0
446,train,0.3205289983327248,0
447,train,0.2563999570755109,0
448,train,0.29694550624693866,0
449,train,0.3194619050000942,0
450,train,0.20016774444375854,0
451,train,0.2504908559010268,0
452,train,0.35771478671903784,1
453,train,0.3118074766262411,0
454,train,0.3644204784352496,0
455,train,0.26084896118909606,0
456,train,0.36242702294670875,0
457,train,0.3074517192219765,0
458,train,0.2898250255596542,0
459,train,0.4024731348230104,0
460,train,0.28332525489129695,0
461,train,0.3851130343947946,0
462,train,0.3264442008921184,0
463,train,0.21730599929555303,0
464,train,0.3480210956854852,0
465,train,0.32215145346189766,0
466,train,0.2279231114934109,0
467,train,0.31951427836643803,0
468,train,0.301289368305184,0
469,train,0.31568886548922254,0
470,train,0.4975646098389614,1
471,train,0.32807254819848647,0
472,train,0.268965794772166,0
473,train,0.28828073537951276,0
474,train,0.1903556915761746,0
475,train,0.3788013255923432,1
476,train,0.3108232447479799,0
477,train,0.26966437033854823,0
478,train,0.24408267011632181,0
479,train,0.26869506070926974,0
480,train,0.339524556610792,0
481,train,0.37899107035106533,0
482,train,0.31473546365811766,0
483,train,0.26146267252489763,0
484,train,0.3378453043856882,0
485,train,0.21268669109448332,0
486,train,0.37108016736497645,0
487,train,0.27344134488181965,0
488,train,0.32133503174632055,0
489,train,0.2879101674418251,0
490,train,0.3520073399570592,0
491,train,0.30680568876751074,0
492,train,0.24558695776712228,0
493,train,0.5742738883284232,1
494,train,0.2866139287014819,0
495,train,0.3455748244510737,0
496,train,0.30990195524420644,0
497,train,0.35653000447327715,1
498,train,0.3358271001871717,0
499,train,0.32355518666553923,0
500,train,0.2953599419131035,0
501,train,0.5146630777719521,1
502,train,0.32689157323046714,0
503,train,0.2725551284071735,0
504,train,0.3058685047336136,0
505,train,0.5710825563987619,0
506,train,0.4363747770140299,0
507,train,0.3828513339746277,0
508,train,0.2328661214863562,0
509,train,0.40473761806208114,0
510,train,0.29226086327245254,0
511,train,0.17443723038625034,0
512,train,0.306838305521454,0
513,train,0.29824580107498794,0
514,train,0.24362496232496686,0
515,train,0.4004130645288657,0
516,train,0.3107821623980827,0
517,train,0.351833766984114,0
518,train,0.29977041558008694,0
519,train,0.2740777536532156,0
520,train,0.1346808908390443,0
521,train,0.31931505275606625,0
522,train,0.25979825184187816,0
523,train,0.19560727973952438,0
524,train,0.27205139326220135,0
525,train,0.3949155316325517,0
526,train,0.3814557566941845,0
527,train,0.29193044811896757,0
528,train,0.473348712755077,0
529,train,0.27504051674859914,0
530,train,0.3498816535379224,0
531,train,0.3188317766618441,0
532,train,0.23448804060896553,0
533,train,0.13608643065659312,0
534,train,0.27225366637137954,0
535,train,0.3156699399260095,0
536,train,0.34877329140132635,0
537,train,0.2856980695419203,0
538,train,0.3117630162089009,0
539,train,0.2473602604732387,0
540,train,0.4753339734373947,1
541,train,0.3550422502884439,0
542,train,0.3141021533402991,0
543,train,0.28056710093870074,0
544,train,0.29452487724217263,0
545,train,0.33639620046930957,0
546,train,0.29936197824469607,0
547,train,0.4682138112410776,1
548,train,0.3301385043736916,0
549,train,0.3413587547832447,0
550,train,0.3749426262676941,0
551,train,0.3455002964897926,0
552,train,0.2572437145372428,0
553,train,0.373463910013695,0
554,train,0.26047218454164883,0
555,train,0.29149664303641226,0
556,train,0.29024397012740194,0
557,train,0.3715765958438266,0
558,train,0.32205538556916713,0
559,train,0.3664183144310937,0
560,train,0.36399226239204924,0
561,train,0.24207563080349778,0
562,train,0.28868557299355135,0
563,train,0.28199557537466785,0
564,train,0.2675520433419741,0
565,train,0.21618225872691296,0
566,train,0.3088504350158398,0
567,train,0.24120457350034855,0
568,train,0.2057616985925137,0
569,train,0.2014947969595828,0
570,train,0.29394564296858733,0
571,train,0.2021184829785625,0
572,train,0.28928294504309654,0
573,train,0.10343009655524515,0
574,train,0.33080507469105247,0
575,train,0.3069951727489547,0
576,train,0.38943900093474265,0
577,train,0.347595427677557,0
578,train,0.3192873390787423,0
579,train,0.32120168790023107,0
580,train,0.3029958087162949,0
581,train,0.3349120589126467,0
582,train,0.4204967676964835,0
583,train,0.3505797568488708,0
584,train,0.2766935911975484,0
585,train,0.5065885995089372,0
586,train,0.37266321191637264,0
587,train,0.2947849521422053,0
588,train,0.33650440954533556,0
589,train,0.3146072586616186,0
590,train,0.35457858109941337,0
591,train,0.2627181946377512,0
592,train,0.1575784365400872,0
593,train,0.30849838803609914,0
594,train,0.31535427976021296,0
595,train,0.37780313327652654,0
596,train,0.3549709520139766,0
597,train,0.342362207065626,0
598,train,0.540451642472403,1
599,train,0.5256772625293783,1
600,train,0.30263919790748156,0
601,train,0.5531606338859847,1
602,train,0.40306336010871324,0
603,train,0.30464796472456745,0
604,train,0.38464037903686893,0
605,train,0.3965256365597692,0
606,train,0.3021380092377605,0
607,train,0.32917026199283445,0
608,train,0.14654173072912094,0
609,train,0.2806182606997765,0
610,train,0.3065359576568362,0
611,train,0.31983694672124713,0
612,train,0.3365791399973596,0
613,train,0.18371049807557827,0
614,train,0.3855892476564682,0
615,train,0.21299817127983237,0
616,train,0.32561167286628795,0
617,train,0.32327966178922934,0
618,train,0.3592184873068727,0
619,train,0.301533873711274,0
620,train,0.29414937757047416,0
621,train,0.31517344340531417,0
622,train,0.3115184162181916,0
623,train,0.48319671981412693,1
624,train,0.31698787732254646,0
625,train,0.32529724439574653,0
626,train,0.28005697532978274,0
627,train,0.3918144284385423,0
628,train,0.32696046193392386,0
629,train,0.2132925666138621,0
630,train,0.37716407751194736,0
631,train,0.355548924711719,0
632,train,0.39189682632640244,0
633,train,0.37931982750680465,0
634,train,0.22997850047926457,0
635,train,0.3436016819625009,0
636,train,0.3618932953777098,0
637,train,0.3413611522076445,0
638,train,0.3154739439919314,0
639,train,0.296230330939628,0
640,train,0.4724552915364555,0
641,train,0.28440858645917433,0
642,train,0.364761341899473,0
643,train,0.5279134272429522,1
644,train,0.27485072501943697,0
645,train,0.3744443354750954,0
646,train,0.26244374953199134,0
647,train,0.5448947441580626,1
648,train,0.34048137712542387,0
649,train,0.32907997902846825,0
650,train,0.27363663575411884,0
651,train,0.3923159878852096,0
652,train,0.2505083179207707,0
653,train,0.34433500828519165,0
654,train,0.25857841162781514,0
655,train,0.287462541058976,0
656,train,0.312134615875296,0
657,train,0.2985425748306072,0
658,train,0.42403234148458124,1
659,train,0.3124479117887902,0
660,train,0.31442795308229715,0
661,train,0.3824303077243858,0
662,train,0.18153285047747847,0
663,train,0.3025643899707796,0
664,train,0.34518343408956426,0
665,train,0.37093332331089157,0
666,train,0.293235194912761,0
667,train,0.37470217610857387,0
668,train,0.2764062220447234,0
669,train,0.3510741893077524,0
670,train,0.3712810831888933,0
671,train,0.28058771939008437,0
672,train,0.25414385725863425,0
673,train,0.2633295150296061,0
674,train,0.35345006908965937,0
675,train,0.35203093256386114,0
676,train,0.4202923587361316,0
677,train,0.2383526711319369,0
678,train,0.259836658492469,0
679,train,0.3435830699034348,0
680,train,0.16835534340282376,0
681,train,0.27516433685327435,0
682,train,0.27368317339130904,0
683,train,0.42747183729402,0
684,train,0.32125424727741975,0
685,train,0.3276120349787676,0
686,train,0.3406460814798855,0
687,train,0.3614720802552675,0
688,train,0.39912176607789673,0
689,train,0.2572302022876844,0
690,train,0.2606945425333503,0
691,train,0.29342328993512695,0
692,train,0.2575501590835138,0
693,train,0.2838464993193166,0
694,train,0.3527456214316429,0
695,train,0.22877994065189813,0
696,train,0.22360353322718562,0
697,train,0.3016249705744612,0
698,train,0.33003498538509574,0
699,train,0.35790504778133253,0
700,train,0.33810669716597275,0
701,train,0.21932823701088988,0
702,train,0.2997813418251318,0
703,train,0.43727701137243064,0
704,train,0.4271013390757788,0
705,train,0.28098405352614103,0
706,train,0.18606540976190158,0
707,train,0.3665185350487176,0
708,train,0.29790092524952955,0
709,train,0.34942382494027063,0
710,train,0.32566370557847135,0
711,train,0.2885413231447369,0
712,train,0.33631572213299016,0
713,train,0.29821751183683465,0
714,train,0.3073642349191816,0
715,train,0.2658317458166903,0
716,train,0.3507082650537876,0
717,train,0.27741089702334204,0
718,train,0.336109885632035,0
719,train,0.2563423184184009,0
720,train,0.3091816836630688,0
721,train,0.3007358806490754,0
722,train,0.33596317626419586,0
723,train,0.5185253501170987,1
724,train,0.37682004052029955,0
725,train,0.30149785845337634,0
726,train,0.21501443270987608,0
727,train,0.3006747180492905,0
728,train,0.32672558807568414,0
729,train,0.36222786496471754,0
730,train,0.20038880735928463,0
731,train,0.2640387011665234,0
732,train,0.2609584082926654,0
733,train,0.3544814434437737,0
734,train,0.28651972041262236,0
735,train,0.27641311863071855,0
736,train,0.14027316441825533,0
737,train,0.31264658870535605,0
738,train,0.30038835079420406,0
739,train,0.37707424841918696,0
740,train,0.2750468697794383,0
741,train,0.3428980400816342,0
742,train,0.3364744085256046,0
743,train,0.3374686889633507,0
744,train,0.31713531728605926,0
745,train,0.1638632909568038,0
746,train,0.20437821615214458,0
747,train,0.2779630533660822,0
748,train,0.2987894631218466,0
749,train,0.253472252230403,0
750,train,0.29597922924189873,0
751,train,0.41850176878170425,0
752,train,0.28928493260808197,0
753,train,0.23142217129682982,0
754,train,0.3196262203620756,0
755,train,0.3077153025884251,0
756,train,0.3201728416624882,0
757,train,0.29704811803113357,0
758,train,0.34881417574508955,0
759,train,0.2959041991127111,0
760,train,0.23869649288404063,0
761,train,0.2558619090266769,0
762,train,0.24831201594101052,0
763,train,0.31035672441272744,0
764,train,0.25925262349650763,0
765,train,0.31465635259372937,0
766,train,0.3214440364803108,0
767,train,0.5400688056316376,1
768,train,0.3164001177441247,0
769,train,0.3981992154715602,0
770,train,0.307382350248073,0
771,train,0.2571299123030854,0
772,train,0.26913243574951434,0
773,train,0.32611385595520676,0
774,train,0.2579678187325285,0
775,train,0.19199569687820484,0
776,train,0.39781942849804613,0
777,train,0.31079051863920176,0
778,train,0.3174881901146385,0
779,train,0.24091148180178776,0
780,train,0.3165599328202833,0
781,train,0.20482706081327307,0
782,train,0.349700295497449,0
783,train,0.3798182779083708,0
784,train,0.42241496712436,0
785,train,0.289597029469206,0
786,train,0.3115792718259622,0
787,train,0.5378585428739636,1
788,train,0.3611566830139972,0
789,train,0.35088715208377397,0
790,train,0.347119730069999,0
791,train,0.4700616604386567,0
792,train,0.2831215028077326,0
793,train,0.35607099406093523,0
794,train,0.3980134690708117,0
795,train,0.29599833360488376,0
796,train,0.22783576297841793,0
797,train,0.28543921297540026,0
798,train,0.2961176796501146,0
799,train,0.3387025423234156,0
800,train,0.4461176088930097,1
801,train,0.3673134559515489,0
802,train,0.2827691793403835,0
803,train,0.34977007251713993,0
804,train,0.35593139035644344,0
805,train,0.29303239157524524,0
806,train,0.3295216839058058,0
807,train,0.37523408428135135,1
808,train,0.29300856109552403,0
809,train,0.3446245651877999,0
810,train,0.40844473059995373,0
811,train,0.2180907958691057,0
812,train,0.34406991965316064,0
813,train,0.35674859957441263,0
814,train,0.3657715618689761,0
815,train,0.32862876348297243,0
816,train,0.3474572508790397,0
817,train,0.3174655987388094,0
818,train,0.17488015695742296,0
819,train,0.32584014168295233,0
820,train,0.3088965066289798,0
821,train,0.34327634603796137,0
822,train,0.4282241333580153,1
823,train,0.30218104901086223,0
824,train,0.316201780958551,0
825,train,0.22543586811518804,0
826,train,0.258703133399627,0
827,train,0.2677051208808048,0
828,train,0.4235265499434821,0
829,train,0.3099698697926844,0
830,train,0.32001421775526123,0
831,train,0.21679043589733102,0
832,train,0.3734246292660462,0
833,train,0.32023855301967274,0
834,train,0.3100506288941457,0
835,train,0.3200078292614671,0
836,train,0.3120515555417122,0
837,train,0.3560729773207996,0
838,train,0.23084332878944558,0
839,train,0.34084919682960085,0
840,train,0.3426914278923278,0
841,train,0.39532813182150495,0
842,train,0.2721809984596872,0
843,train,0.5891469212448355,1
844,train,0.2858518827626038,0
845,train,0.38260080781386785,0
846,train,0.33974587339323875,0
847,train,0.26156795085518075,0
848,train,0.35504050962855954,0
849,train,0.34460521450385867,0
850,train,0.29861399490580126,0
851,train,0.2591286091602405,0
852,train,0.3216760154941178,0
853,train,0.3512364208529298,0
854,train,0.38104127841101687,0
855,train,0.2657226314286731,0
856,train,0.2925573903201286,0
857,train,0.24329847308465954,0
858,train,0.3038010870263314,0
859,train,0.3432834206440134,0
860,train,0.2912280815817123,0
861,train,0.40161547104283807,0
862,train,0.2888184562881839,0
863,train,0.3782940962780148,1
864,train,0.2920600796301815,0
865,train,0.19630995048088726,0
866,train,0.12246468291883054,0
867,train,0.4088755509456325,0
868,train,0.2453564233113367,0
869,train,0.29205892202487876,0
870,train,0.23075588709199354,0
871,train,0.34119974886593935,0
872,train,0.32044681132385383,0
873,train,0.32531095839805063,0
874,train,0.3072277081629303,0
875,train,0.2735631302465256,0
876,train,0.31785776478772276,0
877,train,0.34097057122701074,0
878,train,0.31554658106007966,0
879,train,0.18892188620878245,0
880,train,0.3076069468738101,0
881,train,0.3429498970089391,0
882,train,0.3705779234263857,0
883,train,0.33959420524802725,0
884,train,0.3033014837112989,0
885,train,0.3405894968093908,0
886,train,0.24171942707825048,0
887,train,0.2882152301381115,0
888,train,0.33502473403521044,0
889,train,0.3644339510025489,0
890,train,0.5003274805421006,1
891,train,0.3971634316884321,0
892,train,0.3339262525328112,0
893,train,0.2029595059482275,0
894,train,0.12936332139945797,0
895,train,0.25246481364642537,0
896,train,0.2524534298090521,0
897,train,0.2570513006083393,0
898,train,0.33257896447881796,0
899,train,0.30701718678889384,0
900,train,0.33761440822475136,0
901,train,0.3545485933307182,0
902,train,0.2756202250131158,0
903,train,0.2803308308736592,0
904,train,0.3618943180357656,0
905,train,0.35863439344491876,0
906,train,0.3242459713022928,0
907,train,0.16967338454608694,0
908,train,0.4769299463694831,1
909,train,0.37249772345481835,0
910,train,0.2660961337519491,0
911,train,0.32226882109538285,0
912,train,0.37993997162112314,0
913,train,0.31848202268655407,0
914,train,0.23782786710584278,0
915,train,0.46719429475473273,1
916,train,0.3455485393300255,0
917,train,0.4049400885358863,0
918,train,0.4103815447827291,0
919,train,0.2981268011285328,0
920,train,0.327236436659806,0
921,train,0.28691902950561193,0
922,train,0.3190365400930913,0
923,train,0.22682582132689433,0
924,train,0.3188642809810928,0
925,train,0.2580763639781034,0
926,train,0.3252735444363372,0
927,train,0.224871062508012,0
928,train,0.34052016510787375,0
929,train,0.28766799317091185,0
930,train,0.17040877970491342,0
931,train,0.3909675718865873,0
932,train,0.356856184285603,0
933,train,0.2986004355506123,0
934,train,0.3758033389701549,0
935,train,0.3088125402542099,0
936,train,0.3212922334543088,0
937,train,0.27230633813009547,0
938,train,0.4149377686049898,0
939,train,0.2916371094964427,0
940,train,0.5155444019545627,1
941,train,0.3231098633362443,0
942,train,0.2904457331619174,0
943,train,0.2318210758640755,0
944,train,0.3282864735476798,0
945,train,0.27877624975378495,0
946,train,0.30057239122253154,0
947,train,0.26595081392723885,0
948,train,0.3916749642420851,0
949,train,0.43077376469415124,1
950,train,0.35673681282953046,0
951,train,0.25218627296586293,0
952,train,0.3120557770425791,0
953,train,0.310535383798302,0
954,train,0.24786205749470136,0
955,train,0.29745630322926314,0
956,train,0.12045835709690571,0
957,train,0.34153469785498275,0
958,train,0.2735351703526803,0
959,train,0.2855156343266883,0
960,train,0.2932298801505328,0
961,train,0.2787259577130168,0
962,train,0.29008701072081683,0
963,train,0.3369170569458291,0
964,train,0.32251393277754953,0
965,train,0.23269214326711654,0
966,train,0.34611156974733076,0
967,train,0.2789813841802237,0
968,train,0.21423965808711118,0
969,train,0.36672608699619014,0
970,train,0.47065461367044986,0
971,train,0.30492849197006144,0
972,train,0.27371316582826516,0
973,train,0.47918097943381266,0
974,train,0.3215128609279935,0
975,train,0.3330157373758082,0
976,train,0.33938631642461026,0
977,train,0.1117301169553158,0
978,train,0.32255274971233355,0
979,train,0.33761491633125024,0
980,train,0.31447800468176723,0
981,train,0.2510099052980461,0
982,train,0.2740811364367932,0
983,train,0.342370847444006,0
984,train,0.30396124198667157,0
985,train,0.25447220701144535,0
986,train,0.29823311687265736,0
987,train,0.26643752096781054,0
988,train,0.2960767502713628,0
989,train,0.3272597008142039,0
990,train,0.300475876831788,0
991,train,0.3136033464094968,0
992,train,0.3865974267597734,0
993,train,0.4127330536147187,0
994,train,0.3539433206880347,0
995,train,0.3496663132911259,0
996,train,0.318480366954718,0
997,train,0.44105281405694624,1
998,train,0.28259307335851463,0
999,train,0.23547232744333457,0
1000,train,0.4401585529311867,0
1000,val,0.3033204968905212,0
1001,val,0.4136011662462719,0
1002,val,0.27143487221302004,0
1003,val,0.37506273791412137,0
1004,val,0.3507492806222334,0
1005,val,0.2674329827830794,0
1006,val,0.317480983269604,0
1007,val,0.22206398861157983,0
1008,val,0.3292807347574022,0
1009,val,0.5669299696618776,1
1010,val,0.39710365750834264,0
1011,val,0.5490211214940252,1
1012,val,0.2943471859799916,0
1013,val,0.347950941043496,0
1014,val,0.2647174550502671,0
1015,val,0.27183232170313726,0
1016,val,0.30222003327557545,0
1017,val,0.3332443350576169,0
1018,val,0.3161744709560379,0
1019,val,0.22372197749098074,0
1020,val,0.3409994093753707,0
1021,val,0.27673501634296155,0
1022,val,0.18292837278598653,0
1023,val,0.29551585410895687,0
1024,val,0.235429580534627,0
1025,val,0.30521047101995225,0
1026,val,0.36577611616626554,0
1027,val,0.31240090764988354,0
1028,val,0.36670280578811987,0
1029,val,0.3274318422788899,0
1030,val,0.3445919488240527,0
1031,val,0.33657212441966644,0
1032,val,0.31228574739948106,0
1033,val,0.30034714008640534,0
1034,val,0.3922128442853025,0
1035,val,0.35392235609368056,0
1036,val,0.3153242597744075,0
1037,val,0.3130893795253393,0
1038,val,0.3453148721724817,0
1039,val,0.2500032348428279,0
1040,val,0.266339047308399,0
1041,val,0.38754642721865035,0
1042,val,0.3019460392483854,0
1043,val,0.20482223453795653,0
1044,val,0.32248391714514835,0
1045,val,0.40765859728664183,0
1046,val,0.18115455565313707,0
1047,val,0.2833916814271575,0
1048,val,0.3145794003626727,0
1049,val,0.3078303826412114,0
1050,val,0.38103509167381583,0
1051,val,0.3386160684144716,0
1052,val,0.23322156645320477,0
1053,val,0.3336598427012601,0
1054,val,0.2403205647246156,0
1055,val,0.2838087314595807,0
1056,val,0.28794957580575353,0
1057,val,0.3915332239089527,0
1058,val,0.27030929374939444,0
1059,val,0.2436102013037523,0
1060,val,0.35034922083591247,0
1061,val,0.2959091322444614,0
1062,val,0.37533205507923895,0
1063,val,0.3252150435545579,0
1064,val,0.3693534779491569,0
1065,val,0.3487413623911974,0
1066,val,0.24837321295289105,0
1067,val,0.2907965666313202,0
1068,val,0.3432297139061345,0
1069,val,0.2507022293482571,0
1070,val,0.20947797127866855,0
1071,val,0.36843908804134157,0
1072,val,0.384973913447503,0
1073,val,0.29050505431878726,0
1074,val,0.3331649564509165,0
1075,val,0.26256189504784505,0
1076,val,0.3870319559657827,0
1077,val,0.2828231677543666,0
1078,val,0.33026395298956907,0
1079,val,0.2551439798501553,0
1080,val,0.40595620856239134,0
1081,val,0.3242685837813929,0
1082,val,0.4658828233146082,0
1083,val,0.42124536340442925,0
1084,val,0.1590188459629077,0
1085,val,0.48388308123610574,1
1086,val,0.2910237527258311,0
1087,val,0.40586060876646873,0
1088,val,0.3240187070745918,0
1089,val,0.2665424012536622,0
1090,val,0.5472771405372512,1
1091,val,0.2920099091805674,0
1092,val,0.31771942543678827,0
1093,val,0.30499350547419185,0
1094,val,0.4258877712595159,1
1095,val,0.3132510875001177,0
1096,val,0.2716334518429378,0
1097,val,0.19603880109265415,0
1098,val,0.29007896675718015,0
1099,val,0.32450979797005236,0
1100,val,0.23842371974370916,0
1101,val,0.28209920793243465,0
1102,val,0.18794996222115598,0
1103,val,0.3488360070283197,0
1104,val,0.298588770625081,0
1105,val,0.3687807245610964,0
1106,val,0.1949613812307415,0
1107,val,0.2702688302704437,0
1108,val,0.495607503939863,1
1109,val,0.36982467704445926,0
1110,val,0.27721811121143364,0
1111,val,0.37010788027655234,0
1112,val,0.376946575598007,0
1113,val,0.3394341168986153,0
1114,val,0.10657547569255749,0
1115,val,0.3224138067037363,0
1116,val,0.3960424514136862,0
1117,val,0.22807895680280224,0
1118,val,0.3023779898730872,0
1119,val,0.334277591229813,0
1120,val,0.3116651415195641,0
1121,val,0.2343871981965361,0
1122,val,0.3460670320150027,0
1123,val,0.4286419063964055,0
1124,val,0.22843477349240446,0
1125,val,0.3910462704582854,0
1126,val,0.3917888840861791,0
1127,val,0.3023698840399048,0
1128,val,0.3418955923009994,0
1129,val,0.36405763384120426,0
1130,val,0.3873202960360798,0
1131,val,0.37694502652978157,0
1132,val,0.2630252366440664,0
1133,val,0.23691433344442372,0
1134,val,0.2651767706305633,0
1135,val,0.32937140556753114,0
1136,val,0.25571672584069555,0
1137,val,0.2427632822807003,0
1138,val,0.3694850332180948,0
1139,val,0.17689951621268532,0
1140,val,0.23137840189170022,0
1141,val,0.30776313620948925,0
1142,val,0.5212406596733524,1
1143,val,0.2818008749156686,0
1144,val,0.11011447629541009,0
1145,val,0.14233924376559418,0
1146,val,0.31078537653847377,0
1147,val,0.40087626907159996,0
1148,val,0.3147469628531217,0
1149,val,0.2953344919199849,0
1150,val,0.27370172279139265,0
1151,val,0.3400961808349825,0
1152,val,0.28942595187755155,0
1153,val,0.27821771422945957,0
1154,val,0.5577407156463562,1
1155,val,0.2733074202601867,0
1156,val,0.33247279199582747,0
1157,val,0.3540680096394335,0
1158,val,0.3846218267397237,0
1159,val,0.4278230318180641,0
1160,val,0.24969100333988983,0
1161,val,0.32649947275694097,0
1162,val,0.29436845509838255,0
1163,val,0.3656244431459927,0
1164,val,0.3324539787911763,0
1165,val,0.3880530178893437,0
1166,val,0.3005688314634462,0
1167,val,0.35326468337690997,0
1168,val,0.32272388169386074,0
1169,val,0.4364657416562068,0
1170,val,0.29211472647412234,0
1171,val,0.38253971389541214,0
1172,val,0.3310947863211205,0
1173,val,0.3506772311903463,0
1174,val,0.27542345327581547,0
1175,val,0.3132445143694305,0
1176,val,0.3156989802844964,0
1177,val,0.3555222134997467,0
1178,val,0.2681995133710215,0
1179,val,0.32086059244357135,0
1180,val,0.35933299404965857,0
1181,val,0.3561753393152394,0
1182,val,0.32857170727319945,0
1183,val,0.40482400644221167,0
1184,val,0.4179363426482566,0
1185,val,0.3581142275108484,0
1186,val,0.403024456021277,0
1187,val,0.3420646332790896,0
1188,val,0.24590941824124588,0
1189,val,0.39374709777286343,0
1190,val,0.1802814719151671,0
1191,val,0.3042701934906544,0
1192,val,0.2585460767824323,0
1193,val,0.2573112345647211,0
1194,val,0.34455379925475355,0
1195,val,0.2549257150182928,0
1196,val,0.36958151270922784,0
1197,val,0.3562560015704646,0
1198,val,0.29963573465963517,0
1199,val,0.35974968033457877,0
1200,val,0.47827626018685115,0
1201,val,0.29449400505158346,0
1202,val,0.26078081411075466,0
1203,val,0.3926962840687269,0
1204,val,0.3312844203181164,0
1205,val,0.1481975341696836,0
1206,val,0.17289172955245247,0
1207,val,0.38865276818638855,0
1208,val,0.2701951357824723,0
1209,val,0.24874745894072134,0
1210,val,0.33544327060474394,0
1211,val,0.1505537762828915,0
1212,val,0.3628355352430628,0
1213,val,0.26736703726706995,0
1214,val,0.3384262857240779,0
1215,val,0.32017806390132253,0
1216,val,0.41381548447807665,0
1217,val,0.33788337978267374,0
1218,val,0.3877218337365523,0
1219,val,0.36263269086760025,0
1220,val,0.371098570734358,0
1221,val,0.3050776355290483,0
1222,val,0.34915790671057234,0
1223,val,0.4134663471875803,0
1224,val,0.3288437543830321,0
1225,val,0.41625664762306,0
1226,val,0.2803721205682846,0
1227,val,0.2818794515756802,0
1228,val,0.377399844878924,0
1229,val,0.5163642668188806,1
1230,val,0.2826631537440003,0
1231,val,0.30852310822993784,0
1232,val,0.33542446294080835,0
1233,val,0.1654979684390598,0
1234,val,0.22359212021558247,0
1235,val,0.23958271038839163,0
1236,val,0.41493472015527755,0
1237,val,0.19706393330150082,0
1238,val,0.28830406324557817,0
1239,val,0.32751406189673776,0
1240,val,0.2362829808177679,0
1241,val,0.36860723889292757,0
1242,val,0.29572614254587054,0
1243,val,0.2996492993902145,0
1244,val,0.17764927668876318,0
1245,val,0.498336255308869,0
1246,val,0.3058191238370164,0
1247,val,0.3370653507733925,0
1248,val,0.45551942472273693,0
1249,val,0.23764540183811134,0
1250,val,0.29295919648155894,0
1251,val,0.23391440757082482,0
1252,val,0.33736297281383343,0
1253,val,0.28709943856983994,0
1254,val,0.44386524419717005,1
1255,val,0.3299114602058522,0
1256,val,0.3140729825958462,0
1257,val,0.26560730592495285,0
1258,val,0.3429668987564773,0
1259,val,0.21905817090865268,0
1260,val,0.4169357673803516,0
1261,val,0.24545475180386753,0
1262,val,0.3485897137201648,0
1263,val,0.4837511454744898,1
1264,val,0.2511140916430337,0
1265,val,0.34061247649872994,0
1266,val,0.5158752991166007,0
1267,val,0.42449620034468344,0
1268,val,0.33706368240034124,0
1269,val,0.31886707062469316,0
1270,val,0.3592773697233907,0
1271,val,0.2811827340589841,0
1272,val,0.4090917317070293,0
1273,val,0.2615936270062889,0
1274,val,0.44931602682143584,0
1275,val,0.34862696366501417,0
1276,val,0.3658297408283069,0
1277,val,0.3298628298092152,0
1278,val,0.29890442325348565,0
1279,val,0.26336573393513546,0
1280,val,0.37431492039480435,0
1281,val,0.27641359562603723,0
1282,val,0.5664231696028171,1
1283,val,0.26288441935877693,0
1284,val,0.23345860988859224,0
1285,val,0.23503138337450247,0
1286,val,0.4863900504687579,1
1287,val,0.2711772107067813,0
1288,val,0.3582551099059621,0
1289,val,0.3623537203768408,0
1290,val,0.3516055997908718,0
1291,val,0.40842951139658884,0
1292,val,0.3273172418690088,0
1293,val,0.29362415393721264,0
1294,val,0.248856244923652,0
1295,val,0.3154397161899453,0
1296,val,0.27407112424454877,0
1297,val,0.3415349594993464,0
1298,val,0.3214444809084979,0
1299,val,0.3459165463532828,0
1300,val,0.3228334274512737,0
1301,val,0.25420503808024547,0
1302,val,0.22574916225230965,0
1303,val,0.20827928445758745,0
1304,val,0.181975169051753,0
1305,val,0.33967553877728146,0
1306,val,0.3193381035449308,0
1307,val,0.300679064845596,0
1308,val,0.3383789443448313,0
1309,val,0.30866799266747663,0
1310,val,0.32334934125652587,0
1311,val,0.359921546082083,0
1312,val,0.2014268861228716,0
1313,val,0.18165233003836392,0
1314,val,0.3464080022111371,0
1315,val,0.2284212012000877,0
1316,val,0.3134729357741302,0
1317,val,0.2888847361844846,0
1318,val,0.3890948649130889,0
1319,val,0.2838398819757519,0
1320,val,0.39373393694792364,0
1321,val,0.3575902499648281,0
1322,val,0.3201423468770361,0
1323,val,0.527342434357593,0
1324,val,0.342016307360321,0
1325,val,0.12417634516187491,0
1326,val,0.4024543721208846,0
1327,val,0.1929286880883939,0
1328,val,0.2542531092898319,0
1329,val,0.26306447842903014,0
1330,val,0.29876880247210563,0
1331,val,0.35618135807927825,0
1332,val,0.3275287599702923,0
1333,val,0.3481231923009684,0
1333,test,0.408941961471498,0
1334,test,0.3549739173397976,0
1335,test,0.3419201013888587,0
1336,test,0.17400032371457128,0
1337,test,0.35977611549826727,0
1338,test,0.446536924677833,0
1339,test,0.27464766245870276,0
1340,test,0.25647748369809464,0
1341,test,0.3328144615920238,0
1342,test,0.3367199900064936,0
1343,test,0.19208239756610937,1
1344,test,0.3842408490153703,0
1345,test,0.24294321829797694,0
1346,test,0.32577654666550376,0
1347,test,0.24232370383781218,0
1348,test,0.3566415523373327,0
1349,test,0.32544802463689343,0
1350,test,0.31001402937516165,0
1351,test,0.5125556465126241,1
1352,test,0.3007917641297794,0
1353,test,0.3154198738637848,0
1354,test,0.33177869010875954,0
1355,test,0.3485554789733348,0
1356,test,0.26833229231152705,0
1357,test,0.2787024150550768,0
1358,test,0.26111625935846944,0
1359,test,0.25915479155158266,0
1360,test,0.23096088226389688,0
1361,test,0.3633922845693964,0
1362,test,0.30118426315050867,0
1363,test,0.25260087001550907,0
1364,test,0.26263786945497974,0
1365,test,0.4050627276448977,0
1366,test,0.44069969840128276,1
1367,test,0.33340806499003933,0
1368,test,0.3460218733189179,0
1369,test,0.32212298474784,0
1370,test,0.26964768446704807,0
1371,test,0.32836348115909514,0
1372,test,0.29021429599872395,0
1373,test,0.2781102656132229,0
1374,test,0.27814321948503595,0
1375,test,0.417160918181159,1
1376,test,0.2985346940049516,0
1377,test,0.2814004691588237,0
1378,test,0.3185438414978778,0
1379,test,0.3501172897780849,0
1380,test,0.31026241957942696,0
1381,test,0.3594850900220307,1
1382,test,0.3741249699053584,0
1383,test,0.3058931403159047,0
1384,test,0.4937680806868267,1
1385,test,0.32218909987459404,0
1386,test,0.34335172466527775,0
1387,test,0.3187515791532402,0
1388,test,0.31094729615559324,0
1389,test,0.2850758585812576,0
1390,test,0.30661850282785247,0
1391,test,0.25708581269808606,0
1392,test,0.5547353146755606,1
1393,test,0.44574782140139885,1
1394,test,0.2626427268872322,0
1395,test,0.389230186302514,0
1396,test,0.2399747476545043,0
1397,test,0.329280664430309,0
1398,test,0.3432399459541406,0
1399,test,0.31344084570176217,0
1400,test,0.17801854699580988,0
1401,test,0.34769439288660253,0
1402,test,0.39357025439146537,0
1403,test,0.36100640990607724,0
1404,test,0.4405261661258109,1
1405,test,0.4054150217240122,0
1406,test,0.3206578590476437,0
1407,test,0.24876236523931428,0
1408,test,0.3176851202079286,0
1409,test,0.3402415556753988,0
1410,test,0.33125522115911715,0
1411,test,0.2103811793060417,0
1412,test,0.6166743389360624,1
1413,test,0.37147541437666587,0
1414,test,0.3739620242872934,0
1415,test,0.35586683137480707,0
1416,test,0.35224380306594427,0
1417,test,0.3326096815372082,0
1418,test,0.3508235056254299,0
1419,test,0.2913263011248635,0
1420,test,0.37397473676864945,0
1421,test,0.28451985770883476,0
1422,test,0.28959682924695573,0
1423,test,0.22624083895104877,0
1424,test,0.32189842026412246,0
1425,test,0.24036403351987956,0
1426,test,0.34201325936587174,0
1427,test,0.3073225679703839,0
1428,test,0.265793496638059,0
1429,test,0.32633095133118517,1
1430,test,0.18930390667829777,0
1431,test,0.23509788371623186,0
1432,test,0.3772717526233384,0
1433,test,0.348831993476147,0
1434,test,0.39888899054914795,0
1435,test,0.2976133028147033,0
1436,test,0.4742527186135801,1
1437,test,0.3522705655882456,0
1438,test,0.21061254442688124,0
1439,test,0.3319003874424269,0
1440,test,0.3425723034412324,0
1441,test,0.2769942797593821,0
1442,test,0.3581432868792356,0
1443,test,0.30276013543908037,0
1444,test,0.3685251259789388,0
1445,test,0.3451722209891564,0
1446,test,0.2758164419773101,0
1447,test,0.4582292158581029,1
1448,test,0.1613127491677035,0
1449,test,0.23228401498885798,0
1450,test,0.3549401501438529,0
1451,test,0.3489545332364312,0
1452,test,0.26984409148490723,0
1453,test,0.33745877598146223,0
1454,test,0.29356598151640384,0
1455,test,0.31731062802515414,0
1456,test,0.5406746100190994,1
1457,test,0.42975303029984674,0
1458,test,0.25386011128892577,0
1459,test,0.20305788220414947,0
1460,test,0.35859152000658057,0
1461,test,0.291313778357257,0
1462,test,0.2614369751493045,0
1463,test,0.29929833097347497,1
1464,test,0.16129857947472598,0
1465,test,0.2551211030498631,0
1466,test,0.30583984946601456,1
1467,test,0.19369349629917187,0
1468,test,0.42318989384442873,1
1469,test,0.36179094906879045,0
1470,test,0.3133644190025829,0
1471,test,0.26024788695977524,0
1472,test,0.2356737059060149,0
1473,test,0.3536066080587908,0
1474,test,0.2768367595555615,0
1475,test,0.3833937565355103,0
1476,test,0.25880490717308297,0
1477,test,0.34196717729335435,0
1478,test,0.2817418721460618,0
1479,test,0.43785859090575246,0
1480,test,0.2693194038431228,1
1481,test,0.3227448741403756,0
1482,test,0.17924791260689873,0
1483,test,0.320912053738879,0
1484,test,0.5671930219598335,1
1485,test,0.1879027965190603,0
1486,test,0.3116511620340237,0
1487,test,0.3386363419391823,0
1488,test,0.3236710365912256,0
1489,test,0.38007989371466344,0
1490,test,0.24799422284450068,0
1491,test,0.37604466790621927,0
1492,test,0.23256399440774764,0
1493,test,0.2320681687890763,0
1494,test,0.27077249525454244,0
1495,test,0.30305190161680756,0
1496,test,0.342423680398571,0
1497,test,0.2519630883443912,0
1498,test,0.26077118667253046,1
1499,test,0.2302799940019958,0
1500,test,0.22036987318454004,0
1501,test,0.32400409759968124,1
1502,test,0.37460247465626617,0
1503,test,0.34939753656492706,0
1504,test,0.378261469269966,0
1505,test,0.2559742621639427,0
1506,test,0.25749766060347107,0
1507,test,0.44196263324108226,0
1508,test,0.26481093602622435,0
1509,test,0.2344485959536328,0
1510,test,0.3864300101491412,0
1511,test,0.3394202215429986,0
1512,test,0.3441207228876846,0
1513,test,0.3063924651565841,0
1514,test,0.2616274935455335,0
1515,test,0.2157871147976941,0
1516,test,0.2830761916580256,0
1517,test,0.5525955137624448,1
1518,test,0.2856005955666269,0
1519,test,0.37810482721647776,0
1520,test,0.2913756141432643,0
1521,test,0.39262351304866633,0
1522,test,0.25012012460348054,0
1523,test,0.20493906415670793,0
1524,test,0.416965609460527,0
1525,test,0.28547877326991106,0
1526,test,0.32900202056901107,0
1527,test,0.28253365766931543,0
1528,test,0.3397890438055892,0
1529,test,0.22080801389100024,0
1530,test,0.28391100585610624,0
1531,test,0.3045940225353278,0
1532,test,0.30474051495715,0
1533,test,0.32435035262602235,0
1534,test,0.32109630551343393,0
1535,test,0.3003127108643144,0
1536,test,0.29344057758884073,0
1537,test,0.3652847529307319,0
1538,test,0.41784122096941645,0
1539,test,0.31983597256824287,0
1540,test,0.35152606232774425,0
1541,test,0.30729130433674606,0
1542,test,0.28396650069644275,0
1543,test,0.25310082070205686,0
1544,test,0.351856008245582,0
1545,test,0.35633875256188813,0
1546,test,0.2708677993040608,0
1547,test,0.24579804120511764,0
1548,test,0.32403143448931654,0
1549,test,0.32559238527910445,0
1550,test,0.28390254276421173,0
1551,test,0.44255854944477435,0
1552,test,0.3795951900626964,0
1553,test,0.3242574453961291,1
1554,test,0.22074380502522795,0
1555,test,0.28047770213625284,0
1556,test,0.33221506489875513,0
1557,test,0.2985686590095132,0
1558,test,0.27536115299058456,0
1559,test,0.2083290810673261,0
1560,test,0.3839374945340434,0
1561,test,0.2826703108958703,0
1562,test,0.1890315871333584,0
1563,test,0.3344073237564577,0
1564,test,0.30438420354545986,0
1565,test,0.29821668545334007,0
1566,test,0.304918398104563,0
1567,test,0.3425096002684654,0
1568,test,0.33649017543564175,0
1569,test,0.28606277331462726,0
1570,test,0.17679990345518817,0
1571,test,0.32525178460696275,0
1572,test,0.2683424502148109,0
1573,test,0.3471637465473962,0
1574,test,0.34343022483045305,0
1575,test,0.29352930848298425,0
1576,test,0.34828297152905946,0
1577,test,0.3190893137405013,0
1578,test,0.28731598983818746,0
1579,test,0.33867828407451145,0
1580,test,0.3545941730210533,0
1581,test,0.27098633802783834,0
1582,test,0.28281786287199706,0
1583,test,0.2941659008897768,0
1584,test,0.2893700012291333,0
1585,test,0.5240186234601992,1
1586,test,0.27511630483134397,0
1587,test,0.3233505831290872,0
1588,test,0.30157863526132894,0
1589,test,0.5191738596748704,1
1590,test,0.2097619204403877,0
1591,test,0.384864331476219,0
1592,test,0.28840352500427474,0
1593,test,0.36177168943188426,0
1594,test,0.29523525019009716,0
1595,test,0.2922694379221375,0
1596,test,0.32794473255237894,0
1597,test,0.2552533433403729,0
1598,test,0.3216870951358196,0
1599,test,0.2971105242201546,0
1600,test,0.3333789290642493,0
1601,test,0.23852677294648805,0
1602,test,0.24404499795653953,0
1603,test,0.1114010549405109,0
1604,test,0.359708384608096,0
1605,test,0.32176109949296183,0
1606,test,0.26366578210530295,0
1607,test,0.3337282796999868,0
1608,test,0.37167737938834683,0
1609,test,0.28452979839654696,0
1610,test,0.2931129257551945,0
1611,test,0.3542191642360355,0
1612,test,0.24192953213706314,1
1613,test,0.3109157355172107,0
1614,test,0.24784196127805377,1
1615,test,0.32014519464124847,0
1616,test,0.3002135771865129,0
1617,test,0.27755974049588433,0
1618,test,0.31421640503596643,0
1619,test,0.3196875881367859,0
1620,test,0.23093154798024948,0
1621,test,0.31182407806844764,0
1622,test,0.38965723840064337,0
1623,test,0.35173745321525435,0
1624,test,0.2915607651573364,0
1625,test,0.3313388489653585,0
1626,test,0.197608966442714,0
1627,test,0.3963234467222376,0
1628,test,0.3321721475553166,0
1629,test,0.2898818697760962,0
1630,test,0.3213202352866289,0
1631,test,0.3355355401824695,0
1632,test,0.5093915841568574,1
1633,test,0.358426632316881,0
1634,test,0.30124740915585063,0
1635,test,0.37708180077739417,0
1636,test,0.307037998116251,0
1637,test,0.29804818288436635,0
1638,test,0.22335005915338155,0
1639,test,0.3028841540820223,0
1640,test,0.6445104257679367,1
1641,test,0.23190588053005645,1
1642,test,0.2313291959068721,0
1643,test,0.3871434140640244,0
1644,test,0.33696326140930816,0
1645,test,0.2678939300768282,0
1646,test,0.17432665377459547,0
1647,test,0.3650870997760372,0
1648,test,0.2673702959449297,1
1649,test,0.4824523836095606,1
1650,test,0.34915324419472665,0
1651,test,0.3760153671551684,0
1652,test,0.23718156288600367,0
1653,test,0.33630207020175656,0
1654,test,0.2695533652890058,0
1655,test,0.29317213818398596,0
1656,test,0.28117385498674424,0
1657,test,0.30634659903824196,0
1658,test,0.24869683915503024,0
1659,test,0.255007101396238,0
1660,test,0.29158926644066285,0
1661,test,0.3153252043623624,0
1662,test,0.3622975882105213,0
1663,test,0.3139644363383581,0
1664,test,0.3024826289556828,0
1665,test,0.3675043656672213,0
1666,test,0.21909372654479578,0
