employee_id,if_employee_score
1,0.5592930813801669
10,0.5933425822240064
100,0.5285045254914598
1000,0.5824083743402877
1001,0.5820738589715695
1002,0.5792364348279437
1003,0.5831589163736852
1004,0.59572897832013
1005,0.5851393537392546
1006,0.6455710721812185
1007,0.5504949484510139
1008,0.5844521527683287
1009,0.6240355380268722
101,0.5832419128719765
1010,0.5855916679191392
1011,0.6134110801658682
1012,0.585072188193418
1013,0.6062371423727151
1014,0.542859346716069
1015,0.5916698978317178
1016,0.569082032278966
1017,0.5689359839732001
1018,0.558781402187218
1019,0.5823719827227954
102,0.6499475318475989
1020,0.5924703284469888
1021,0.5937184145984015
1022,0.571272201770667
1023,0.5771324935181628
1024,0.5646955535196424
1025,0.5900461814218138
1026,0.5834735969399885
1027,0.5714259970206963
1028,0.5857796848497564
1029,0.5938867790939076
103,0.5242588672473516
1030,0.6228209313733928
1031,0.5933205305099125
1032,0.6124647941986263
1033,0.5807731449488653
1034,0.595012955025141
1035,0.5742362354381538
1036,0.5887585075210757
1037,0.552785580240313
1038,0.5175401685348571
1039,0.5677000896593664
104,0.5769407942095148
1040,0.5923044828927816
1041,0.5840729863381632
1042,0.5366356613318283
1043,0.580830184220475
1044,0.5869252448138418
1045,0.5771164174624355
1046,0.5607657656239315
1047,0.5930549611408386
1048,0.5889264624980932
1049,0.5974190544442921
105,0.5913964096997668
1050,0.5340124231118573
1051,0.6092811694888483
1052,0.5802122565269343
1053,0.5713594710391486
1054,0.5675567013327629
1055,0.5776063608618331
1056,0.576548011310991
1057,0.5702916271391744
1058,0.5850415439313421
1059,0.6056529341751671
106,0.5849196654335453
1060,0.608589170273756
1061,0.5385420900515628
1062,0.5618420593080262
1063,0.5995393839525816
1064,0.5794945810061545
1065,0.5764338261908197
1066,0.5331482421366553
1067,0.5808163585354756
1068,0.5764569343632434
1069,0.5236764556135644
107,0.5977871733608766
1070,0.5691324964174318
1071,0.6056785219808228
1072,0.5736139426620506
1073,0.575536806780954
1074,0.6007840825249795
1075,0.5996716846172412
1076,0.5788269457234292
1077,0.5830479780182697
1078,0.5519896022019247
1079,0.5790478442012695
108,0.5996211471705815
1080,0.5887760972783322
1081,0.6042346539593434
1082,0.6336190472412451
1083,0.5676858885491606
1084,0.5775662904276176
1085,0.6062272226308821
1086,0.5664035852654711
1087,0.5778934615946594
1088,0.5591548560573355
1089,0.53444553988796
109,0.58612291353408
1090,0.6060874427138331
1091,0.5427600427795072
1092,0.5794858998266101
1093,0.6162753115339733
1094,0.5704109608659813
1095,0.6374766269240552
1096,0.5985976470387186
1097,0.5803474655496954
1098,0.6053525632076844
1099,0.586698787606602
11,0.5562024244600177
110,0.5346018616777982
1100,0.5872204429954158
1101,0.5854266028376551
1102,0.5566978621836178
1103,0.5709970091266781
1104,0.5338061604308265
1105,0.5412708216167453
1106,0.5592225977990702
1107,0.6112605083416521
1108,0.6582139584479489
1109,0.5829168017138726
111,0.5914193832890609
1110,0.5235422784481936
1111,0.5785438911132653
1112,0.5840582955849949
1113,0.5605300121251566
1114,0.575945894438709
1115,0.6481749696054256
1116,0.5690778399132959
1117,0.5722096574949846
1118,0.6042974780107727
1119,0.5956131799766292
112,0.5299798197306375
1120,0.5240442217442648
1121,0.5738645654377179
1122,0.6035677603966786
1123,0.5927818787353263
1124,0.5873636298308905
1125,0.6198346907631355
1126,0.5747524235856902
1127,0.5483343715027242
1128,0.6530986064364808
1129,0.5933832076197363
113,0.5670714202685829
1130,0.5690258638939223
1131,0.6067876078461494
1132,0.5371455814230911
1133,0.5844876654782418
1134,0.5883085693729839
1135,0.5746947671529365
1136,0.5696809837003658
1137,0.5632254200066324
1138,0.5897273636834544
1139,0.6332114080327776
114,0.5376043924724394
1140,0.5446248231707453
1141,0.5704009652088406
1142,0.6123748446996167
1143,0.5899257651179988
1144,0.5895072153444767
1145,0.5850880132716343
1146,0.6442502666149179
1147,0.6137981026416202
1148,0.5750097948851771
1149,0.6011201380024994
115,0.6016490571196913
1150,0.5635213484197958
1151,0.5333880130028122
1152,0.6103814474766733
1153,0.5845382401025362
1154,0.6414317144969117
1155,0.5440415776312134
1156,0.5665552111767683
1157,0.5923785270461553
1158,0.6117881598726542
1159,0.5417868026221931
116,0.5974962646090967
1160,0.5532984693420165
1161,0.5891982386657649
1162,0.5725528434688303
1163,0.579192095353855
1164,0.5721865020688641
1165,0.5918550181299757
1166,0.5792714988525286
1167,0.5644359657874376
1168,0.5890326303512967
1169,0.5765299691858099
117,0.5244235317434878
1170,0.5742821517327348
1171,0.5891700331914788
1172,0.5543421040102928
1173,0.5951334618918906
1174,0.5628571427679614
1175,0.5943481592422799
1176,0.5821493566772098
1177,0.5659140020961326
1178,0.5229716613293526
1179,0.5297350840767164
118,0.5780587883589389
1180,0.6462277686408507
1181,0.5981963315893114
1182,0.5592387728908962
1183,0.5982110515058068
1184,0.577673593237403
1185,0.5926911784516262
1186,0.5700163786211345
1187,0.5926358480947495
1188,0.5862067813461801
1189,0.5875800943234476
119,0.5512830299793477
1190,0.538761061424209
1191,0.5836872675494725
1192,0.5898459092447621
1193,0.5484153023538495
1194,0.5676158172308443
1195,0.583886955077724
1196,0.5917183161019017
1197,0.5899457142258066
1198,0.5788157042878532
1199,0.6159855355401929
12,0.5889176941959112
120,0.5814345011328375
1200,0.6069050094212778
1201,0.5577928292694836
1202,0.6004630262458535
1203,0.5900510991422334
1204,0.5647743320818417
1205,0.5844886583507446
1206,0.5908494651609573
1207,0.5616226045278094
1208,0.5891065561638367
1209,0.5909921989920635
121,0.532116671002584
1210,0.5890901544959495
1211,0.6021668517330421
1212,0.5542660855179112
1213,0.6069849217737356
1214,0.6271213338523856
1215,0.5423639295765975
1216,0.572806305573995
1217,0.5359494674849599
1218,0.5733396318272892
1219,0.5742565201273968
122,0.5695817585974092
1220,0.6126626632091197
1221,0.5337316990053886
1222,0.591309420584383
1223,0.590143905686227
1224,0.5293146217371674
1225,0.5589918148808304
1226,0.5912316985720663
1227,0.6085759304828966
1228,0.6171193916840547
1229,0.621905682052369
123,0.587717079483982
1230,0.5300734044013262
1231,0.5953688713395079
1232,0.5369204096104223
1233,0.6001380809338904
1234,0.5978347643521098
1235,0.5391456876381346
1236,0.5699109042498771
1237,0.5762885715046473
1238,0.6097382649692202
1239,0.5582166491156795
124,0.5694178821589322
1240,0.5819749031078779
1241,0.5372280611763955
1242,0.5635961442111449
1243,0.5738571658875197
1244,0.5606076225432401
1245,0.5848130553072584
1246,0.5680939237568444
1247,0.5773472623855089
1248,0.569751120089299
1249,0.598727740315576
125,0.5373230198529823
1250,0.5658241601948953
1251,0.5575443250116515
1252,0.5664251713230517
1253,0.5692605474141361
1254,0.5923728291606398
1255,0.6059450545263833
1256,0.578536423463875
1257,0.5604374182355906
1258,0.5452114543495813
1259,0.5561245611379707
126,0.5858962736421731
1260,0.6070491054676229
1261,0.5522300398954944
1262,0.52628099455465
1263,0.6234114572144527
1264,0.5914418534348773
1265,0.5800051441014531
1266,0.6316059305564027
1267,0.5679880964393572
1268,0.5297281916136958
1269,0.5697944538856025
127,0.5512312511656282
1270,0.6048087296026062
1271,0.5762494910654883
1272,0.6179298358787031
1273,0.5283516782858501
1274,0.5410335305591336
1275,0.6019509944483101
1276,0.5802497564349371
1277,0.575446444988955
1278,0.5726334561635319
1279,0.5543603082745165
128,0.5789972029256699
1280,0.543833637837806
1281,0.5907285248842674
1282,0.5978648853104381
1283,0.6182094304861656
1284,0.5573502592378561
1285,0.5847599575994054
1286,0.5934437989906314
1287,0.5261825801637676
1288,0.5759119436950361
1289,0.5420642271599581
129,0.5898641830211208
1290,0.5266047804283036
1291,0.5794754906673936
1292,0.5784671320487137
1293,0.5946917392489388
1294,0.5955535129706697
1295,0.6034326911611108
1296,0.5569787798820877
1297,0.5584797975999725
1298,0.5695319247700682
1299,0.5680683915404457
13,0.5449039962175141
130,0.5686275891284156
1300,0.568067978903262
1301,0.5387474234724409
1302,0.5739096953767835
1303,0.5368674044248065
1304,0.585816701095865
1305,0.5920421488099683
1306,0.5848396061774401
1307,0.5280691435016783
1308,0.6149249385666833
1309,0.6005341356760645
131,0.534133451732229
1310,0.5836723354180995
1311,0.5730315643894719
1312,0.6003302583267959
1313,0.5389333432451551
1314,0.6338779709856728
1315,0.6357886426720374
1316,0.6056244853172027
1317,0.5270429216649278
1318,0.5914061801493009
1319,0.5385105376676574
132,0.589693697677597
1320,0.589787874080558
1321,0.6025068776745972
1322,0.5397266009651146
1323,0.5969124460352195
1324,0.5771277120888106
1325,0.5835272183681145
1326,0.5724922327361925
1327,0.5912703022991813
1328,0.554987314207216
1329,0.5932016315135957
133,0.5789773776955953
1330,0.5385206807581544
1331,0.5961462375151235
1332,0.5980758726648598
1333,0.5830230213395216
1334,0.5559852907697779
1335,0.6217208372434266
1336,0.5797996531395165
1337,0.5710030907676974
1338,0.6180448786997301
1339,0.591882077524506
134,0.5343912209279206
1340,0.5794167978853527
1341,0.5622574744616567
1342,0.5896990003355911
1343,0.5940673999187666
1344,0.5423198534933
1345,0.5827633221464316
1346,0.5492026863968659
1347,0.5414845232882706
1348,0.58981971195201
1349,0.5718048098086632
135,0.5904617402524456
1350,0.5593124031545859
1351,0.6319113402780063
1352,0.5292056112408778
1353,0.5469111491476002
1354,0.5627509996796899
1355,0.5208564529347592
1356,0.5609689854900918
1357,0.5684773067537376
1358,0.5870042331938907
1359,0.5702983719410354
136,0.5974932172073242
1360,0.5779625131516537
1361,0.5824026001901603
1362,0.572969579951662
1363,0.5493525496794256
1364,0.5779939696022913
1365,0.6129004667145358
1366,0.6204064857092704
1367,0.5628944407367807
1368,0.6103833148719986
1369,0.5340621877506894
137,0.5775232649666968
1370,0.577451846444544
1371,0.573267328731542
1372,0.588262805580467
1373,0.5845933373192651
1374,0.5884632018891714
1375,0.5877278172557936
1376,0.6044458918189971
1377,0.5561176529359738
1378,0.6093085296297505
1379,0.6339557668347641
138,0.5757821803434399
1380,0.6060523829747544
1381,0.5921027500760807
1382,0.5921894978707011
1383,0.531717528274301
1384,0.6150192427570806
1385,0.5717895248943086
1386,0.5742614325583759
1387,0.6071384732164173
1388,0.577969518116881
1389,0.5509728704822338
139,0.5854984718640484
1390,0.5885662583791709
1391,0.5956644801175552
1392,0.594653345685114
1393,0.6072000985942703
1394,0.5970729214320578
1395,0.5952111189343388
1396,0.6113721499704068
1397,0.6339312862708563
1398,0.5881440419295566
1399,0.6083501761293597
14,0.6054873783803312
140,0.5884129772965372
1400,0.5522606986690596
1401,0.5597029747456406
1402,0.5972425738208451
1403,0.5781365534913151
1404,0.6162428005919105
1405,0.5968075072840637
1406,0.555062262324377
1407,0.5833006360816324
1408,0.6020593503047039
1409,0.5438564655580537
141,0.578097081373012
1410,0.5728582152821754
1411,0.5806762621926557
1412,0.6229928115291403
1413,0.5810334671117718
1414,0.5912656566136393
1415,0.560396135095417
1416,0.5980922323709555
1417,0.573194012718024
1418,0.607780908289634
1419,0.6286163341811716
142,0.5655116064078682
1420,0.535952904257058
1421,0.5407679821123133
1422,0.5992002100011309
1423,0.5664267138079233
1424,0.5766603135593136
1425,0.5748944563311174
1426,0.5835272515449422
1427,0.6081136994736853
1428,0.5953348708470197
1429,0.6045242999277268
143,0.5894085476893501
1430,0.5739052674585203
1431,0.5696891755220241
1432,0.5685690298320368
1433,0.6012629937257221
1434,0.6205951117569903
1435,0.5359488883979691
1436,0.6079758064803509
1437,0.5580521983373051
1438,0.5729914849264903
1439,0.5797388150954086
144,0.5829143479498923
1440,0.54422439708002
1441,0.5900814634770727
1442,0.5776790357974332
1443,0.5697644278995353
1444,0.575760661378699
1445,0.5850526798225519
1446,0.5926932397747737
1447,0.6110472000938458
1448,0.6041269686328666
1449,0.5924021512425243
145,0.5909993874456854
1450,0.5881436585633076
1451,0.5661319058063093
1452,0.5718078844290511
1453,0.5796863412653045
1454,0.5417356554131765
1455,0.5639572282631421
1456,0.6329269734861972
1457,0.5765063980759607
1458,0.5599410644726619
1459,0.5892367652893604
146,0.5681916817612037
1460,0.6028798319065566
1461,0.573388570411689
1462,0.5236213548496333
1463,0.5896717126820179
1464,0.5715767991228741
1465,0.5420793560999604
1466,0.5461826982124551
1467,0.591534579707713
1468,0.6287912725381415
1469,0.5678083102648531
147,0.6268583203633681
1470,0.5851264195566475
1471,0.5661719199843971
1472,0.5764819915174981
1473,0.5285075480844862
1474,0.5805608899487573
1475,0.5454396341183284
1476,0.5428050384783258
1477,0.5958892263672042
1478,0.5538496354951575
1479,0.611146470091563
148,0.6101999560410915
1480,0.5859255960514841
1481,0.5864917448669447
1482,0.6387689961185389
1483,0.5440891305766736
1484,0.5999575775955306
1485,0.5336993335175958
1486,0.5777462898183365
1487,0.5393539811487924
1488,0.5913285463342794
1489,0.6054260810768908
149,0.5626388790195663
1490,0.5613832096572707
1491,0.604897733249897
1492,0.5848124721486546
1493,0.6025422489552124
1494,0.5423910776174907
1495,0.5345818210853014
1496,0.5676154502846207
1497,0.543357743570784
1498,0.5826544651221678
1499,0.5932073333432049
15,0.5406447742781698
150,0.5919980148799926
1500,0.5734550712910119
1501,0.5519091591257058
1502,0.5920477446570338
1503,0.5758769908117749
1504,0.5798270158791015
1505,0.5935063685061891
1506,0.5289505132031866
1507,0.5962365918556245
1508,0.5684279445412479
1509,0.5872459738409193
151,0.5828448234430486
1510,0.5789506927105654
1511,0.5397960954373126
1512,0.581533844278757
1513,0.5380442096585998
1514,0.5726473932873312
1515,0.5889237520409918
1516,0.600680824556961
1517,0.585959251596767
1518,0.5820432508382761
1519,0.5678436898627064
152,0.5801883661894225
1520,0.6122802721456984
1521,0.5330320713763281
1522,0.562685318683271
1523,0.5840917857277186
1524,0.6038375910712108
1525,0.5722769954671953
1526,0.5709788563136535
1527,0.5869903858234289
1528,0.5915913897877069
1529,0.6289903581712732
153,0.5241995095507682
1530,0.5760973139189265
1531,0.5534054131962778
1532,0.581604387614834
1533,0.5398787586029656
1534,0.5926637695185183
1535,0.5895791706113527
1536,0.5602258784018567
1537,0.5791928588138295
1538,0.5823803107876877
1539,0.5306888330426631
154,0.5688573633266759
1540,0.5998738018909562
1541,0.5742392447497712
1542,0.5823123217340483
1543,0.5675006871016197
1544,0.5252224109598078
1545,0.5406325365188465
1546,0.561775547492738
1547,0.5711698789900667
1548,0.5704682739943204
1549,0.6398586792160809
155,0.5656475282735536
1550,0.5779640499849326
1551,0.5634970414308098
1552,0.6022793885905849
1553,0.5280544011717315
1554,0.6057319713025611
1555,0.5596724796109348
1556,0.5349450926103679
1557,0.5608387731638702
1558,0.5478092981153961
1559,0.5888470593333762
156,0.5865088308523787
1560,0.5829791666407782
1561,0.5647962448708874
1562,0.5983551091917428
1563,0.6007617762850723
1564,0.5720503625559166
1565,0.5853176012131267
1566,0.5931804962967206
1567,0.5839131203811317
1568,0.5804616702039003
1569,0.5905356079614733
157,0.60207882215738
1570,0.5810343519350674
1571,0.5376430107207547
1572,0.5859788268397327
1573,0.5911648925171222
1574,0.5641947760830082
1575,0.5322607587771577
1576,0.5971870356663833
1577,0.567114889109205
1578,0.581220368662361
1579,0.5543989321156706
158,0.5789144385981184
1580,0.5808920282405523
1581,0.5800081936411663
1582,0.5846090978299086
1583,0.5241378435116231
1584,0.5837047748055202
1585,0.6384814780256803
1586,0.5989923266137018
1587,0.5911291723771868
1588,0.5905496661011094
1589,0.6223012987284496
159,0.5805488320855275
1590,0.6011685554425069
1591,0.6059101276015659
1592,0.5817145987886072
1593,0.5742460582756717
1594,0.5707220275744083
1595,0.5454545649030758
1596,0.5335892138080474
1597,0.6048398274569209
1598,0.5836318292230751
1599,0.6031483684792266
16,0.6009317900846126
160,0.5712935403034505
1600,0.5412610982563628
1601,0.6394839048078327
1602,0.5785469694466351
1603,0.6034670471952611
1604,0.5376820661953067
1605,0.639252304335188
1606,0.5734223239270259
1607,0.5409997754167375
1608,0.6003665824546446
1609,0.5791572512615091
161,0.5650241056569252
1610,0.5960887184854837
1611,0.5977200441146567
1612,0.5499967782992403
1613,0.576026151794049
1614,0.5470302747393854
1615,0.5256833396445327
1616,0.5980534526272083
1617,0.576396807855112
1618,0.5839381873558454
1619,0.5943553670540973
162,0.6444850199006772
1620,0.5368371789130283
1621,0.594173558753988
1622,0.562249039399601
1623,0.5804200942329798
1624,0.5863631369962812
1625,0.5311621367380677
1626,0.5889390626405693
1627,0.5964412180147082
1628,0.6018440722845412
1629,0.5965961114537617
163,0.594243781650011
1630,0.5458555794977755
1631,0.6142703506868302
1632,0.609219231107249
1633,0.5683331878615056
1634,0.5250837322160543
1635,0.5530961787623412
1636,0.5828628948026165
1637,0.5755857722470864
1638,0.5761476227262365
1639,0.5740139155526199
164,0.598309385053507
1640,0.5837215432661428
1641,0.596925623543822
1642,0.5901573252561676
1643,0.5558880483952544
1644,0.6083252566287741
1645,0.5300230794573015
1646,0.5949952153673111
1647,0.5946881116728335
1648,0.5626259632173316
1649,0.6245747571171822
165,0.6280006974297123
1650,0.5603962914035048
1651,0.5944376102867974
1652,0.5798839387502511
1653,0.603292122122748
1654,0.5715075778883079
1655,0.5712547506680152
1656,0.5853473670968362
1657,0.5990855492437102
1658,0.5304012472189349
1659,0.5668934431443775
166,0.6084226429993338
1660,0.6059601060386569
1661,0.5732834473069175
1662,0.5769830495522699
1663,0.5577609464578687
1664,0.5413081214558152
1665,0.608538123998606
1666,0.5494867126412177
167,0.555438190000884
168,0.6106003442793333
169,0.5617407890168306
17,0.5813839486190219
170,0.5355450441920728
171,0.5636189071911727
172,0.6243547867856232
173,0.6156139368885998
174,0.6479454908581154
175,0.5570426034820348
176,0.5530477459998187
177,0.5725196940382562
178,0.5582797098132153
179,0.5755124790919064
18,0.6694000727138423
180,0.5553179991386122
181,0.5335848400246547
182,0.5764794344914872
183,0.5966535575566505
184,0.5549931662487642
185,0.5692456300932243
186,0.5564012592672904
187,0.5325157323309192
188,0.5916404870177421
189,0.5795331327813811
19,0.6034789695061773
190,0.587505559453334
191,0.6265625902947028
192,0.6381953745745039
193,0.5964679136499326
194,0.6074151048486268
195,0.5739562705649313
196,0.5323020679348172
197,0.5810590081286948
198,0.554660099013746
199,0.5940278136604145
2,0.5267533395432566
20,0.5617625716426071
200,0.5876075152852797
201,0.5660860901564
202,0.5441580809320957
203,0.5722781706972835
204,0.5560163458396541
205,0.5646891408096681
206,0.5849887340055843
207,0.5986796767199771
208,0.6034908611260223
209,0.528675185149186
21,0.5922639680383882
210,0.5893171116444783
211,0.5477652253214318
212,0.543857147825362
213,0.5606537781725598
214,0.5853316960921642
215,0.608372094974952
216,0.5639410613690822
217,0.5644341635429029
218,0.5267584520027658
219,0.620933697756898
22,0.545645455367341
220,0.5805600278547285
221,0.5710125400963527
222,0.5679170332260635
223,0.5938948040533241
224,0.5767385932384447
225,0.6461038640689173
226,0.5957098255513948
227,0.5504309551956874
228,0.5884509155582541
229,0.5327290798804101
23,0.5958708623040545
230,0.5703731423723946
231,0.5917330370305377
232,0.6026387815847158
233,0.5443519051214973
234,0.5927388437702246
235,0.563031894442326
236,0.5794559005506895
237,0.5460164116401338
238,0.5338581479691585
239,0.5744366632015058
24,0.5770502069041409
240,0.5694525258343157
241,0.5695714463650748
242,0.5752889829338432
243,0.5977584490856188
244,0.5562010071611406
245,0.5961215024989175
246,0.6029287203662512
247,0.5721139891303452
248,0.5850097913396533
249,0.5600777039297555
25,0.5888452863370777
250,0.5753102890542083
251,0.5494231864494576
252,0.5919860324074022
253,0.5521154777533727
254,0.5667176708653647
255,0.5835448470679466
256,0.5713172685694936
257,0.5968083341609554
258,0.5904627079980878
259,0.6152109286853757
26,0.6138480309289183
260,0.547351662769282
261,0.5779278035966103
262,0.5902955439246804
263,0.5640411048221448
264,0.6069993076026727
265,0.5744070564006126
266,0.542283696146779
267,0.585107748659911
268,0.5764079661174399
269,0.5736284047344661
27,0.5477452955519778
270,0.5848150009324893
271,0.5995533192608654
272,0.598765975193815
273,0.5913041811481978
274,0.5922461250100028
275,0.53605913506166
276,0.5362724798124701
277,0.5765715048666411
278,0.5355296219762729
279,0.5988938722751106
28,0.585780522047136
280,0.5557414617803778
281,0.5704013822648697
282,0.5410976835584401
283,0.5902164251054465
284,0.555420945011732
285,0.5539488479561124
286,0.5752560144541327
287,0.5831979670173085
288,0.6172266093828144
289,0.5961493322930729
29,0.5639831366522233
290,0.5953263899035557
291,0.5632882820080248
292,0.6158474968007821
293,0.5833899932876989
294,0.5372534952324046
295,0.5624055290798842
296,0.5303999077566439
297,0.6163717015607073
298,0.5684614995167738
299,0.6585439080813286
3,0.589097548193208
30,0.5270796522356803
300,0.621757727112634
301,0.5671095010231315
302,0.5611110613229348
303,0.5702430713798454
304,0.5956522519041964
305,0.6014943956182176
306,0.5238755094942091
307,0.5636200550787773
308,0.5937938276077279
309,0.63807263112083
31,0.5986813949967654
310,0.5689630076631796
311,0.5562976607954212
312,0.5740828270244576
313,0.5736348755204222
314,0.5708197553881961
315,0.5807891976124556
316,0.5993542539767586
317,0.5990408000283549
318,0.5669297769385742
319,0.5792495201892959
32,0.5763207776838425
320,0.5839762384089666
321,0.5777508203386534
322,0.5364567545972598
323,0.5914036766962227
324,0.6020421520061849
325,0.5790923526676706
326,0.5847068828578468
327,0.5516201973700511
328,0.5278935613678498
329,0.551399735125655
33,0.5770224826914102
330,0.5888410997835773
331,0.571421858985239
332,0.5869787125180463
333,0.5353592756353706
334,0.5601994203256194
335,0.5668454450898728
336,0.5961145076132637
337,0.586904660640561
338,0.5421726724575331
339,0.5440081362169672
34,0.5752609825546664
340,0.5334416815984617
341,0.558286054801142
342,0.6128058293602501
343,0.5333676204250917
344,0.5598522316681764
345,0.6439877660950808
346,0.5979485842303484
347,0.568251695665796
348,0.5742102990221736
349,0.5765464460418164
35,0.5875460438094073
350,0.5998750200923568
351,0.5718408483684282
352,0.5842846984413551
353,0.589425499057383
354,0.5223004367883987
355,0.5830375144940514
356,0.5756650333413589
357,0.6343440605539278
358,0.5857236692359823
359,0.5672428496520497
36,0.5976989939819098
360,0.5872004818474537
361,0.5798344811462053
362,0.5434383503285587
363,0.5627612080405473
364,0.5860790492771519
365,0.589405028213515
366,0.5861968017114102
367,0.5630721982613556
368,0.5335426625741828
369,0.6169852726587468
37,0.5868136255226378
370,0.5960824664293664
371,0.5308319971327697
372,0.5413382297236718
373,0.5263264703423953
374,0.573034478471922
375,0.6337282753195408
376,0.5786697487637544
377,0.531921536489516
378,0.5537552279871272
379,0.6044575130510855
38,0.5340223837800183
380,0.6572359153951424
381,0.6016749119339759
382,0.6178658442854293
383,0.5774517836158721
384,0.5955428466097918
385,0.566658945330159
386,0.6324463800200681
387,0.5386342162315154
388,0.5243127869914661
389,0.5639117462622789
39,0.5645966025841043
390,0.5739695766504831
391,0.5755764387000234
392,0.5405234581504987
393,0.57422049684392
394,0.5780426874080379
395,0.5715545901370608
396,0.5347981843290729
397,0.5486360394712924
398,0.575109907225839
399,0.5361241582133409
4,0.5619575342759164
40,0.5736470176052693
400,0.560931377947118
401,0.5755652008249695
402,0.5984297746030731
403,0.6120804739099039
404,0.6117222599088559
405,0.5562215731276502
406,0.6121178891567773
407,0.5918695142295631
408,0.5386042000600041
409,0.6122101081723298
41,0.5709725750418938
410,0.5905798831614384
411,0.612872146523047
412,0.530020471901111
413,0.6071210085568792
414,0.5940899881146353
415,0.5809659018304623
416,0.5519237312867344
417,0.6491141061148116
418,0.6068622883843657
419,0.5588239243969775
42,0.598385238168931
420,0.5781834133717647
421,0.5625463995426789
422,0.5753095642296224
423,0.5994041225645581
424,0.594590757010046
425,0.5315124959070421
426,0.567383922067505
427,0.5626411564542447
428,0.5622168532456339
429,0.5387717387451902
43,0.5890713452853684
430,0.6043524495219316
431,0.6260779378914377
432,0.6378589191531785
433,0.6400224906562055
434,0.5855543122419705
435,0.5425715905126289
436,0.5935261613467737
437,0.5743300097234763
438,0.6051263115154181
439,0.5467638194337932
44,0.6286937134103147
440,0.5293069251795126
441,0.5465208036444641
442,0.5776153259990007
443,0.5680995097083603
444,0.5754399365111502
445,0.5746499145039288
446,0.6035995303390577
447,0.575787675427238
448,0.5806765792913456
449,0.6530611780592929
45,0.5729569037735038
450,0.5831541535732221
451,0.5742347730848575
452,0.6217619086596413
453,0.529822560804896
454,0.6004981716826782
455,0.5719012275981755
456,0.5822518175651539
457,0.5645447572979959
458,0.5833809011649316
459,0.5388547958475056
46,0.5353123865156504
460,0.5966360559935369
461,0.6009520980840866
462,0.5969482661569963
463,0.5953863051377362
464,0.5549001771509448
465,0.5673537757253774
466,0.5656931873352288
467,0.5768649850907588
468,0.5456808013463723
469,0.5635317843019907
47,0.6138573968860294
470,0.6011152687900678
471,0.5697108126109898
472,0.573505783854538
473,0.5807908025989037
474,0.5751152234326126
475,0.6097601768360289
476,0.5544646033421238
477,0.5584264661567897
478,0.6076104782161202
479,0.5578219207809488
48,0.5943527146000502
480,0.5406041138345137
481,0.5475287706947138
482,0.57500202747453
483,0.6261424233682364
484,0.5700137763078025
485,0.6047100674056989
486,0.5718804826353042
487,0.5726181222670157
488,0.5928941845584159
489,0.5642562059133338
49,0.5444972603471911
490,0.5988819265963241
491,0.5685715898395192
492,0.6123263744047477
493,0.6061901112645625
494,0.5832954403884698
495,0.5590762245101353
496,0.5796718295324634
497,0.5774701640293539
498,0.5803347458835246
499,0.5379627692639306
5,0.5625588188964907
50,0.5530344664721659
500,0.5919684122337601
501,0.6031239489996727
502,0.5563658533290993
503,0.5858146217176396
504,0.527556836571382
505,0.6218276334116998
506,0.5616896756334961
507,0.5383112042319343
508,0.5728720616284354
509,0.5361714290255124
51,0.6010002164069417
510,0.5789728901982587
511,0.6494387057482495
512,0.5920328396051913
513,0.585289585479485
514,0.5877140156437287
515,0.617184714789009
516,0.577093884753975
517,0.576672715189505
518,0.5746412951263842
519,0.5798135819365396
52,0.5972009202448416
520,0.5620643647692939
521,0.5991994385665177
522,0.5712942560539503
523,0.5757416605088582
524,0.5318683713830719
525,0.615064994841413
526,0.5961951603691211
527,0.6038868702495894
528,0.6080648040088571
529,0.53689206467438
53,0.5865221636567342
530,0.5623445737958465
531,0.5543714839367022
532,0.5906602962676152
533,0.5774396817953216
534,0.5607589253425789
535,0.5946877611730295
536,0.6011361408334843
537,0.5733679266692079
538,0.5633119857825954
539,0.5642965356870356
54,0.5742267447428512
540,0.6216369357970793
541,0.5589521713715906
542,0.582470648957489
543,0.6058614881334448
544,0.5384816313455292
545,0.5475618464509248
546,0.6283162133415691
547,0.6016939282964107
548,0.5728112816009272
549,0.5848489807626015
55,0.6047034090431532
550,0.5951259723889756
551,0.6006051157614976
552,0.5751043879171347
553,0.5926666401589022
554,0.5360186807674401
555,0.5784731537228305
556,0.5399031979101885
557,0.6174405896506843
558,0.5810368342029006
559,0.6220906584411241
56,0.565656862993178
560,0.6028137948067545
561,0.5880916755386609
562,0.5792617182612532
563,0.5622702150649364
564,0.5865556546271951
565,0.586085889239997
566,0.5906486239670592
567,0.5758673445742766
568,0.5300377976041394
569,0.5694464277615169
57,0.6080167078933121
570,0.5660862083518325
571,0.5379292477205952
572,0.602307879974868
573,0.5927738221036071
574,0.5706721689314704
575,0.5798082911851353
576,0.597544506675003
577,0.5855561854780605
578,0.5920614680477786
579,0.5944383769628736
58,0.5646691528705509
580,0.5937579912753461
581,0.5621430728926874
582,0.616190061344555
583,0.5217624376996419
584,0.5890526892949228
585,0.5507979120681774
586,0.6611694954257581
587,0.5734631397136675
588,0.5938727323007507
589,0.5587969560827013
59,0.6140513577097354
590,0.5951853120797749
591,0.5974360304793606
592,0.5356331279900702
593,0.5743995792903884
594,0.5527092084317682
595,0.604740572769468
596,0.5707792490999843
597,0.6008825732173314
598,0.5888198033901183
599,0.5811811892062217
6,0.5694890447970332
60,0.5779735414753965
600,0.5972527968224167
601,0.6315948521021484
602,0.5852053143851076
603,0.608075531207687
604,0.5524209272670135
605,0.6062620427445943
606,0.6087728973257218
607,0.6274412448045411
608,0.5317867697148395
609,0.5517660404998528
61,0.5396492073894852
610,0.5690121189495656
611,0.5392969307444176
612,0.5681405553021877
613,0.5320368172201049
614,0.589594231966324
615,0.5717369416855956
616,0.5697342927088871
617,0.6417738584848743
618,0.5681537155078102
619,0.5798926769020967
62,0.6412943855142867
620,0.5998306127986528
621,0.6040529932263397
622,0.5823996891000774
623,0.6112977647864516
624,0.6002144674781646
625,0.5588944916933694
626,0.5905242690948602
627,0.5891384044635956
628,0.5560266838395622
629,0.5322227135376111
63,0.5595829646293179
630,0.6036162506074878
631,0.5766547778103523
632,0.5795508045997634
633,0.6410367302837005
634,0.5787616373313429
635,0.5939699390183801
636,0.5926900974828
637,0.6103744023931623
638,0.5454793869329486
639,0.5583898638066417
64,0.599152427796501
640,0.5483411464619821
641,0.5621684392162313
642,0.5990917721135331
643,0.5973511870407561
644,0.5729416346049075
645,0.6181448090823011
646,0.5753104251499135
647,0.5812477567612707
648,0.6310832719162154
649,0.5263038283833554
65,0.5739866294566304
650,0.5877412860007127
651,0.5731080739292709
652,0.5983560082081136
653,0.5454849874638641
654,0.5987370381743694
655,0.558402439496551
656,0.5495062348504693
657,0.5762483507429212
658,0.5786945644028973
659,0.5565115383110061
66,0.6041462798549422
660,0.5488147237292151
661,0.5226863276302347
662,0.5353879759986965
663,0.6105585845389321
664,0.593654006738994
665,0.553805845623524
666,0.5641192732703739
667,0.5531974740074956
668,0.5658249256536738
669,0.5848884685565608
67,0.5802244813315218
670,0.6564673773579859
671,0.5602377387822667
672,0.5937367973864264
673,0.5416376662734144
674,0.5879321806561834
675,0.5730355770803923
676,0.5929009056966097
677,0.5719221400496716
678,0.5810427186256069
679,0.567353299075956
68,0.523678765132431
680,0.598244396673559
681,0.5868714871750967
682,0.558655216781262
683,0.6170039121284387
684,0.5944379591735237
685,0.5925575120381208
686,0.5655301190669239
687,0.5931459775774515
688,0.6069240149387103
689,0.5809997848897619
69,0.5674744861351907
690,0.5631493666310063
691,0.5436623371478382
692,0.5841896130595137
693,0.5790941191152654
694,0.5509078369715457
695,0.584413387095196
696,0.6118246526940659
697,0.5721771939563096
698,0.5541086694787413
699,0.5950947650002811
7,0.5739344898029031
70,0.5550289996820597
700,0.6221593240487614
701,0.5874311380329008
702,0.5693835029994687
703,0.6582768982291386
704,0.5960641652334815
705,0.5602124581666774
706,0.5906189327184783
707,0.5715494290689572
708,0.5421948707867519
709,0.5556508667962382
71,0.5663058962857155
710,0.5829496321912303
711,0.5404310015033176
712,0.5521386496056854
713,0.5867515220512616
714,0.5668051227324972
715,0.5256266501419585
716,0.5929614447547067
717,0.5949562579761891
718,0.5581297672009673
719,0.5683790907309378
72,0.5641806771878268
720,0.5871666007136774
721,0.555459681588565
722,0.5888966627075712
723,0.6032181320937976
724,0.5950689818327364
725,0.5819408774121615
726,0.588787363351024
727,0.6357889638310018
728,0.5633426107622929
729,0.5498214528934366
73,0.5862734501211484
730,0.5791985098672761
731,0.5838885181147007
732,0.5889287885691921
733,0.5526412090983636
734,0.5591080554132783
735,0.5792095552340908
736,0.5964945245095601
737,0.5668349773250309
738,0.5460003094623004
739,0.5822914606442658
74,0.6406355708120961
740,0.5355063800413885
741,0.5737496673681381
742,0.5882163862297038
743,0.5699371643206522
744,0.5763777746679654
745,0.5241925201540041
746,0.5829435983008582
747,0.6021943024863405
748,0.5493996698162751
749,0.5860315615887715
75,0.5718777635336681
750,0.575481713464292
751,0.5733528858866686
752,0.5700722295602304
753,0.6041252091898774
754,0.5876113380143987
755,0.6036674546280987
756,0.5639882171319663
757,0.5907141208076027
758,0.548697939451092
759,0.5742711921190846
76,0.566374488145507
760,0.5787639953513055
761,0.5900810276665668
762,0.5782293265351968
763,0.5450595489025856
764,0.5813317402314775
765,0.6366545882381228
766,0.5535327700475777
767,0.5856056581739476
768,0.6019362483971255
769,0.5963009853152678
77,0.5985762638202936
770,0.6263220737116789
771,0.5898539931578002
772,0.5895670452486557
773,0.5794102884015012
774,0.5692837755892908
775,0.6305706794999798
776,0.6094493275562255
777,0.5388333215202001
778,0.5656776624186111
779,0.5407858309307654
78,0.5812236300181267
780,0.6083228045582856
781,0.5769344280277044
782,0.6140248255749327
783,0.5551800256873045
784,0.6068703495667086
785,0.5686519725294895
786,0.5835209369186467
787,0.6070313335852549
788,0.5884808768734701
789,0.5240727048720444
79,0.5988282001954663
790,0.5940251381272452
791,0.5637722968656453
792,0.5800647311764489
793,0.5575320125793561
794,0.6156525185679189
795,0.5923387603991116
796,0.5757391919103614
797,0.5680774693803919
798,0.5631246449707825
799,0.6141251344812525
8,0.5907383550962926
80,0.5604167680443869
800,0.608908791189922
801,0.6149004422824826
802,0.5784657486728726
803,0.5664005541978044
804,0.5683834586487692
805,0.5756388149546459
806,0.5758105784265717
807,0.6182829043968049
808,0.5765921744984839
809,0.5822388182535869
81,0.5899088589399695
810,0.5804765976692803
811,0.5823050047114153
812,0.5798797690838671
813,0.5718662115344056
814,0.5757056383690785
815,0.5693771289972005
816,0.5537134862957678
817,0.5841581271318285
818,0.5294460293692194
819,0.6024588576531733
82,0.5944905058498688
820,0.5629111457120559
821,0.5763627362642507
822,0.6200100648483426
823,0.5764940628274418
824,0.5701352043629057
825,0.6065750654745359
826,0.5870132421089698
827,0.6297226683249693
828,0.6128445348667447
829,0.6033138138907125
83,0.5551944534411881
830,0.5335942977308801
831,0.6034487317450594
832,0.5941028352630747
833,0.5757600744161215
834,0.5711621800479858
835,0.6273319788823937
836,0.5842411879544697
837,0.603916858351584
838,0.5884818665322797
839,0.5798764306951228
84,0.5224327019248876
840,0.5874156970425831
841,0.5921673514250995
842,0.572546218263216
843,0.5801068833862871
844,0.5809653373240854
845,0.5676312503172649
846,0.5441099279531938
847,0.5654070750506348
848,0.5944535341528676
849,0.569392311285623
85,0.5954059217202387
850,0.6008424820837416
851,0.5871672309349204
852,0.6451688076626374
853,0.5322573825334014
854,0.5802423779338912
855,0.5757665827228955
856,0.5810600335184113
857,0.5984143086020474
858,0.575640681667744
859,0.5747406376466737
86,0.5938781936480921
860,0.5311040757988302
861,0.5869666315430032
862,0.6090974757738415
863,0.6102142219818634
864,0.6019007379679253
865,0.5973400475029957
866,0.6007145502340563
867,0.5305859305425957
868,0.5721394962727663
869,0.6016667048593491
87,0.5915661435283087
870,0.5713739182371912
871,0.5715245173360293
872,0.5243589549271048
873,0.5839252383754567
874,0.5817169281245925
875,0.5972747486479313
876,0.5702152509300582
877,0.5655042608293257
878,0.5895756305328734
879,0.5248224617967128
88,0.5594722497787112
880,0.5788139533069098
881,0.6052101418960224
882,0.5831466209585113
883,0.5958577417352415
884,0.538189747612308
885,0.5324306938505818
886,0.5846705029915751
887,0.5865698592453077
888,0.6523257885700161
889,0.5412062343289324
89,0.595598787850806
890,0.5997113122999642
891,0.5925745244890909
892,0.5767040466135046
893,0.5307876893001475
894,0.5628213488176657
895,0.5575490718943298
896,0.5768873395810331
897,0.5754833096357636
898,0.6095647889259643
899,0.6048359310069393
9,0.5915607711097373
90,0.5907441308851915
900,0.5333760438405981
901,0.6001931910382687
902,0.5963216559541771
903,0.5412832864356635
904,0.6272200737018243
905,0.5930649296531169
906,0.5662000798926751
907,0.5990956012794537
908,0.5927332851652904
909,0.5881502040680054
91,0.6373754725328515
910,0.5579387852132371
911,0.5677050065157743
912,0.6333359834183048
913,0.5454383039656991
914,0.5669816599157764
915,0.6158939768412808
916,0.5845737577528776
917,0.5729815578069882
918,0.5385154153921438
919,0.5554835991572745
92,0.5136180889459411
920,0.5826799569527229
921,0.586845653160586
922,0.583474056467116
923,0.5818635737026594
924,0.5436908416723293
925,0.5744310639841815
926,0.5860007989520231
927,0.5951112243502683
928,0.574699160353015
929,0.5364834295754964
93,0.5898479639550384
930,0.5276406661791921
931,0.5891505435584126
932,0.5924713044148792
933,0.5243391316272333
934,0.6084428113846317
935,0.5698102904796454
936,0.5674618153698472
937,0.5263274854163387
938,0.6179511115957136
939,0.5686766297317445
94,0.5365221801195268
940,0.6359933008195975
941,0.5321545282132976
942,0.5781285481574154
943,0.5643479080325443
944,0.5624145671989206
945,0.57797458655597
946,0.6150373021104405
947,0.5619304978232891
948,0.6048018890539005
949,0.5795488440303945
95,0.5523372674955379
950,0.6181704582591079
951,0.5940834949010076
952,0.6518563973978231
953,0.579910208137774
954,0.5861906441757162
955,0.5725821322998027
956,0.5629970081748285
957,0.5543720778935817
958,0.5934430943152754
959,0.534587547851141
96,0.5680337973727912
960,0.5320125222232001
961,0.568441700759043
962,0.5842293339565032
963,0.56870105329419
964,0.5846210455882528
965,0.5271313870216351
966,0.5539467530089504
967,0.5385898663727893
968,0.5908716958927851
969,0.6101537869474785
97,0.5463784064670354
970,0.6116551946026288
971,0.5713955439146352
972,0.5378575092790231
973,0.5950917771630739
974,0.577467905131452
975,0.59659389858921
976,0.5708577311974617
977,0.5460438830680386
978,0.5889210309730185
979,0.5774517517063344
98,0.5821643659294387
980,0.5836289231579541
981,0.5757750629520193
982,0.5338864695670746
983,0.534307387038704
984,0.5257972062460048
985,0.5997485315457869
986,0.5788812669078338
987,0.5706326890132893
988,0.5735938306006962
989,0.5866898086871777
99,0.5618719255259056
990,0.5907272595820845
991,0.5520905048452944
992,0.5707618229323398
993,0.5629522048736149
994,0.5864616200690864
995,0.5835791132063602
996,0.552626544217485
997,0.6045298025625475
998,0.6096028354998508
999,0.598109286664244
